"A","V","K","T","A","N",7,4,4
"A","V","K","T","A","P",7,4,4
0,3,0,8,"A",3,7,4,4
0,3,3,6,6,"S",7,4,4
"A","V","L","C",0,8,7,4,4
0,4,3,1,"A",0,7,4,4
0,4,9,9,9,"R",7,4,4
"A","V","M",6,"C",9,7,4,4
"A","V","M",6,"K","R",7,4,4
"A","V","M",6,"T","K",7,4,4
0,1,3,5,3,"N",7,4,4
0,6,1,0,2,"T",7,4,4
0,6,3,7,8,"L",7,4,4
0,6,9,4,9,"D",7,4,4
0,7,1,1,0,"Y",7,4,4
0,8,4,1,7,"X",7,4,4
0,2,5,6,"C",6,7,4,4
0,3,3,8,"C",9,7,4,4
0,3,3,7,"C",7,7,4,4
0,3,4,6,"C",0,7,4,4
0,4,1,6,1,"W",7,4,4
0,4,5,7,"B",5,7,4,4
0,4,8,9,7,"S",7,4,4
"A","V","M",4,"H","V",7,4,4
0,3,7,8,0,2,7,4,4
0,5,1,9,5,1,7,4,4
0,7,1,5,0,2,7,4,4
0,7,2,6,0,1,7,4,4
0,8,9,9,0,2,7,4,4
0,3,2,5,8,"B",7,4,4
0,3,2,7,2,"G",7,4,4
0,0,8,1,4,"L",7,4,4
0,4,5,4,6,"L",7,4,4
0,5,5,3,0,"O",7,4,4
0,3,6,9,9,"L",7,4,4
0,4,0,6,9,"T",7,4,4
0,4,2,0,8,"L",7,4,4
0,4,5,1,2,"L",7,4,4
0,5,3,3,8,"S",7,4,4
0,5,3,3,9,"T",7,4,4
0,5,5,4,1,"W",7,4,4
0,5,7,0,3,"N",7,4,4
0,6,0,0,8,"N",7,4,4
0,7,7,9,7,"Q",7,4,4
0,7,9,0,8,"P",7,4,4
0,9,2,6,0,"F",7,4,4
0,0,1,1,3,"O",7,4,4
0,0,3,9,"E",0,7,4,4
0,1,0,8,6,"T",7,4,4
0,2,7,4,6,"Z",7,4,4
0,4,7,4,5,"V",7,4,4
"A","V","L","S","R","X",7,4,4
"A","V","L","Y","X","B",7,4,4
0,2,4,2,0,"E",7,4,4
0,7,4,6,2,"F",7,4,4
0,7,9,3,6,"C",7,4,4
0,8,0,5,0,"E",7,4,4
0,8,0,6,9,"B",7,4,4
0,8,3,4,1,"E",7,4,4
0,9,6,3,6,5,7,4,4
0,0,9,8,6,"P",7,4,4
0,1,2,1,3,"T",7,4,4
0,2,0,5,6,"L",7,4,4
0,7,6,2,5,"G",7,4,4
0,7,6,2,5,"H",7,4,4
0,7,8,3,9,"K",7,4,4
0,0,2,5,4,"K",7,4,4
0,1,5,5,2,"S",7,4,4
0,1,5,5,3,"V",7,4,4
0,1,5,5,1,"Z",7,4,4
0,2,2,7,6,"I",7,4,4
"A","V","H","D",5,"J",7,4,4
0,3,6,4,0,"R",7,4,4
0,4,8,2,3,"N",7,4,4
0,4,8,6,0,"R",7,4,4
0,5,1,2,9,"V",7,4,4
0,5,1,7,6,"N",7,4,4
0,5,3,0,3,"R",7,4,4
0,5,7,4,2,"Y",7,4,4
0,7,0,7,9,"V",7,4,4
0,7,1,1,1,"Q",7,4,4
0,7,4,1,2,"M",7,4,4
0,8,2,8,"C",8,7,4,4
0,8,4,1,6,"V",7,4,4
0,9,2,5,8,"I",7,4,4
0,0,0,6,3,"O",7,4,4
0,0,0,8,2,"J",7,4,4
0,0,1,0,1,"Q",7,4,4
0,0,3,9,"E",3,7,4,4
0,0,4,4,1,"R",7,4,4
0,0,6,7,8,"O",7,4,4
0,0,9,0,"F",5,7,4,4
0,1,0,0,3,"Z",7,4,4
0,1,0,0,"E",8,7,4,4
0,1,4,5,0,"W",7,4,4
0,1,6,3,"B",0,7,4,4
0,1,6,7,9,"W",7,4,4
0,2,1,0,"G",6,7,4,4
0,2,3,1,"D",6,7,4,4
0,2,4,4,7,"Y",7,4,4
0,2,4,4,7,"Z",7,4,4
0,2,4,7,2,"T",7,4,4
0,2,7,1,6,"Y",7,4,4
0,2,9,2,3,"Z",7,4,4
0,2,9,4,"C",5,7,4,4
0,3,0,9,4,"W",7,4,4
0,3,2,3,"D",6,7,4,4
0,3,2,4,4,"W",7,4,4
"A","V","L",3,7,0,7,4,4
0,3,4,0,6,"Y",7,4,4
0,3,4,1,9,"S",7,4,4
0,3,4,4,"A",3,7,4,4
0,3,4,7,"A",5,7,4,4
0,3,4,8,2,"P",7,4,4
0,3,5,7,"B",7,7,4,4
0,3,8,1,2,"X",7,4,4
0,3,8,4,2,"Y",7,4,4
0,4,3,9,7,"O",7,4,4
0,4,4,3,"A",6,7,4,4
0,4,5,8,"A",9,7,4,4
0,4,7,2,"C",9,7,4,4
0,4,7,5,"F",9,7,4,4
"A","V","M",7,2,"R",7,4,4
"A","V","M",8,"F","S",7,4,4
0,6,6,5,2,"G",7,4,4
0,6,9,5,1,"E",7,4,4
0,9,0,4,3,"A",7,4,4
0,7,6,0,1,"M",7,4,4
0,3,6,6,3,"P",7,4,4
0,5,3,1,8,"Z",7,4,4
0,5,3,2,1,"U",7,4,4
0,5,3,2,7,"U",7,4,4
0,5,3,2,8,"V",7,4,4
0,5,3,3,9,"R",7,4,4
0,5,4,0,0,"P",7,4,4
0,6,3,9,1,"R",7,4,4
0,7,7,5,5,"Q",7,4,4
0,7,9,1,0,"N",7,4,4
0,8,0,9,4,"U",7,4,4
0,0,4,0,"G",9,7,4,4
0,1,3,4,"B",6,7,4,4
0,1,8,1,9,"S",7,4,4
0,2,5,6,"D",7,7,4,4
0,4,5,1,9,"Y",7,4,4
0,4,5,2,4,"Y",7,4,4
0,4,6,5,5,"V",7,4,4
0,4,6,6,6,"H",7,4,4
0,4,8,4,"D",8,7,4,4
0,5,6,4,"G",7,7,4,4
0,5,7,1,7,"Y",7,4,4
0,5,7,3,0,"Z",7,4,4
0,5,7,4,8,"T",7,4,4
0,5,7,4,8,"Q",7,4,4
9,0,8,6,3,4,7,4,4
3,7,7,9,1,1,7,4,4
0,3,3,8,1,7,7,4,4
0,8,7,2,9,4,7,4,4
0,1,0,4,5,"J",7,4,4
0,1,6,2,4,"H",7,4,4
0,2,0,9,5,"C",7,4,4
0,1,9,5,7,"D",7,4,4
0,3,1,5,9,"A",7,4,4
0,5,3,1,9,"F",7,4,4
0,5,6,7,6,"B",7,4,4
0,6,1,8,2,"H",7,4,4
0,7,2,8,6,"C",7,4,4
0,7,2,2,3,"I",7,4,4
0,7,5,6,2,"G",7,4,4
0,7,6,6,2,"C",7,4,4
0,9,7,4,7,6,7,4,4
0,9,9,3,7,6,7,4,4
0,4,1,6,5,"P",7,4,4
0,4,3,4,0,"K",7,4,4
0,5,6,2,1,"M",7,4,4
0,6,0,2,2,"G",7,4,4
0,9,2,6,8,"E",7,4,4
0,7,6,5,9,"D",7,4,4
0,7,1,4,4,"R",7,4,4
0,7,4,3,0,"W",7,4,4
0,9,3,2,9,"I",7,4,4
0,9,4,2,0,"Q",7,4,4
0,9,8,7,9,"C",7,4,4
0,0,0,4,1,"V",7,4,4
0,0,4,8,2,"V",7,4,4
0,0,5,0,1,"X",7,4,4
0,0,5,1,"G",6,7,4,4
0,0,7,4,"F",8,7,4,4
0,0,7,9,"E",9,7,4,4
0,0,8,0,2,"X",7,4,4
0,1,0,3,"A",2,7,4,4
0,1,3,4,"C",4,7,4,4
0,1,3,3,7,"P",7,4,4
0,2,1,1,2,"Q",7,4,4
0,2,2,8,6,"P",7,4,4
0,2,3,2,"C",2,7,4,4
0,2,6,7,6,"X",7,4,4
0,2,8,4,"E",9,7,4,4
0,3,0,3,"I",7,7,4,4
"A","V",8,"M",2,"H",6,1,6
0,3,3,4,9,"Z",7,4,4
0,3,3,4,"A",6,7,4,4
0,3,8,3,"G",6,7,4,4
0,4,2,0,7,"R",7,4,4
0,4,2,5,1,"W",7,4,4
0,4,5,0,3,"Z",7,4,4
"A","V","M",6,"K",9,7,4,4
0,4,6,1,8,1,7,4,4
0,5,6,8,0,9,7,4,4
0,6,7,5,6,"D",7,4,4
0,2,1,5,3,"M",7,4,4
0,3,0,4,2,"Q",7,4,4
0,5,1,7,0,"W",7,4,4
0,5,1,8,0,"U",7,4,4
0,5,1,8,0,"T",7,4,4
0,5,2,5,4,"W",7,4,4
0,5,4,0,0,"S",7,4,4
0,5,5,3,3,"S",7,4,4
0,5,8,4,0,"Z",7,4,4
0,6,3,5,3,"J",7,4,4
0,7,7,9,5,"P",7,4,4
0,7,7,9,7,"R",7,4,4
0,9,2,7,2,"R",7,4,4
0,9,9,7,5,"F",7,4,4
0,0,3,0,"C",8,7,4,4
0,0,5,8,"A",2,7,4,4
0,1,0,1,9,"W",7,4,4
0,1,0,6,"C",6,7,4,4
0,1,1,0,3,"Z",7,4,4
0,2,4,1,"E",0,7,4,4
0,2,8,4,8,"S",7,4,4
0,2,8,5,"D",9,7,4,4
0,3,0,8,"D",8,7,4,4
0,3,4,8,2,"V",7,4,4
0,3,9,8,2,"X",7,4,4
0,4,0,1,2,"S",7,4,4
0,3,6,9,7,"Q",7,4,4
0,4,2,2,3,"K",7,4,4
0,4,3,1,7,"P",7,4,4
0,5,3,1,1,"K",7,4,4
0,5,4,9,2,"V",7,4,4
0,5,5,0,6,"M",7,4,4
0,5,5,8,2,"V",7,4,4
0,5,6,4,3,"U",7,4,4
0,5,8,7,8,"K",7,4,4
0,6,1,2,5,"P",7,4,4
0,6,3,8,3,"K",7,4,4
0,6,3,9,4,"W",7,4,4
0,6,6,0,2,"O",7,4,4
0,7,7,9,7,"K",7,4,4
0,9,7,9,5,0,7,4,4
0,9,8,0,9,"L",7,4,4
0,9,8,3,1,"K",7,4,4
0,2,5,2,5,"T",7,4,4
0,2,7,8,1,"W",7,4,4
0,2,9,8,"A",0,7,4,4
0,3,0,7,2,"X",7,4,4
0,3,4,0,6,"X",7,4,4
0,3,5,8,6,"Y",7,4,4
"A","V","M",0,"N","M",7,4,4
"A","V","M",0,"N","N",7,4,4
"A","V","M",0,"N","P",7,4,4
0,0,4,3,6,"D",7,4,4
0,1,0,4,8,"D",7,4,4
0,3,3,7,1,"A",7,4,4
0,9,5,7,6,2,7,4,4
0,0,4,6,5,"L",7,4,4
0,1,5,2,9,"K",7,4,4
0,2,8,2,9,"S",7,4,4
0,3,3,3,5,"I",7,4,4
0,3,8,4,9,"L",7,4,4
0,4,1,4,"A",9,7,4,4
0,4,2,5,7,"O",7,4,4
0,4,2,5,7,"P",7,4,4
0,4,2,7,1,"O",7,4,4
0,5,3,1,1,"I",7,4,4
0,5,3,2,3,"R",7,4,4
0,5,3,3,4,"S",7,4,4
0,5,4,0,4,"P",7,4,4
0,5,4,5,3,"Q",7,4,4
0,5,5,8,0,"X",7,4,4
0,5,7,5,5,"Q",7,4,4
0,6,4,3,4,"E",7,4,4
0,6,4,3,5,0,7,4,4
0,6,5,5,1,"R",7,4,4
0,6,6,2,9,"Z",7,4,4
0,7,1,3,7,"O",7,4,4
0,0,1,8,6,"X",7,4,4
0,0,2,8,"D",0,7,4,4
0,0,8,7,"B",0,7,4,4
0,2,3,6,"F",8,7,4,4
"A","V","M",1,"E","V",7,4,4
"A","V","M",1,"E","W",7,4,4
"A","V","M",3,"S","P",7,4,4
0,5,4,7,4,"C",7,4,4
0,6,3,7,4,"F",7,4,4
0,7,9,7,9,"A",7,4,4
0,9,5,0,1,7,7,4,4
0,9,3,4,7,"A",7,4,4
0,2,5,0,2,"S",7,4,4
0,3,6,3,7,"S",7,4,4
0,4,2,4,5,"P",7,4,4
0,4,2,4,6,"O",7,4,4
0,4,2,5,6,"T",7,4,4
0,4,4,0,7,"M",7,4,4
0,4,4,0,7,"N",7,4,4
0,5,1,3,2,"R",7,4,4
0,5,4,9,0,"U",7,4,4
0,5,4,9,"A",7,7,4,4
0,5,5,8,2,"Y",7,4,4
0,5,7,1,1,"U",7,4,4
0,6,3,8,4,"Y",7,4,4
0,7,8,2,5,"R",7,4,4
0,8,3,3,1,"T",7,4,4
0,8,5,8,8,"R",7,4,4
"A","V","J","W",4,"R",7,4,4
"A","V","J","W","A","A",7,4,4
0,9,8,3,1,"L",7,4,4
0,9,8,3,8,"T",7,4,4
0,9,8,5,3,"K",7,4,4
0,9,8,5,3,"L",7,4,4
0,0,1,8,9,"U",7,4,4
0,0,4,8,2,"T",7,4,4
0,1,0,0,3,"W",7,4,4
0,1,1,1,"B",3,7,4,4
0,1,0,9,"D",3,7,4,4
0,1,1,3,"F",8,7,4,4
0,1,1,1,"C",4,7,4,4
0,1,6,5,"A",3,7,4,4
0,1,5,5,9,"T",7,4,4
0,1,9,4,4,"W",7,4,4
0,2,0,3,"A",6,7,4,4
0,2,0,3,"A",7,7,4,4
0,2,4,2,"F",6,7,4,4
0,2,5,7,"D",8,7,4,4
0,2,8,4,1,"Y",7,4,4
0,2,9,8,"A",1,7,4,4
0,3,0,7,1,"U",7,4,4
0,3,7,4,9,"W",7,4,4
0,3,7,7,"D",3,7,4,4
"A","V","M",1,1,"P",7,4,4
"A","V","M",1,1,"R",7,4,4
"A","V","M",1,6,5,7,4,4
"A","V","M",1,6,6,7,4,4
0,9,4,0,9,4,7,4,4
0,0,5,4,3,"L",7,4,4
0,2,5,4,8,"K",7,4,4
0,3,3,3,5,"J",7,4,4
0,3,8,2,4,"Q",7,4,4
0,7,8,5,1,"I",7,4,4
0,3,4,0,7,"R",7,4,4
0,3,4,2,5,"S",7,4,4
0,3,4,4,7,"U",7,4,4
0,3,6,8,2,"O",7,4,4
0,5,5,0,5,"Z",7,4,4
0,5,7,4,1,"O",7,4,4
0,5,9,2,1,"N",7,4,4
0,6,3,4,9,"T",7,4,4
0,6,3,4,9,"X",7,4,4
0,6,3,6,3,"V",7,4,4
0,6,4,5,6,"W",7,4,4
0,6,5,9,9,"X",7,4,4
0,6,6,7,4,"W",7,4,4
0,7,4,1,9,"Q",7,4,4
0,7,7,9,6,"V",7,4,4
0,9,8,0,9,"M",7,4,4
0,9,8,3,7,"I",7,4,4
0,0,2,7,7,"T",7,4,4
"A","V","K",5,"Y",7,7,4,4
0,1,1,5,5,"P",7,4,4
0,1,3,5,2,"Y",7,4,4
0,1,4,7,"C",3,7,4,4
0,1,5,9,4,"U",7,4,4
0,1,9,4,"B",8,7,4,4
0,1,9,7,9,"U",7,4,4
0,2,1,4,"B",1,7,4,4
0,2,4,2,"E",7,7,4,4
0,2,4,4,6,"Y",7,4,4
0,3,0,0,3,"R",7,4,4
0,3,0,0,3,"S",7,4,4
0,3,0,2,3,"V",7,4,4
0,3,0,7,4,"T",7,4,4
0,3,1,2,0,"K",7,4,4
0,3,9,6,"D",6,7,4,4
"A","V","M",0,"D","H",7,4,4
"A","V","M",0,"D","R",7,4,4
"A","V","M",0,"Y","G",7,4,4
"A","V","M",3,"N","K",7,4,4
"A","V","M",6,"C","V",7,4,4
"A","V","M",6,"H","F",7,4,4
"A","V","M",6,"J",5,7,4,4
"A","V","M",7,0,"K",7,4,4
"A","V","M",7,4,"C",7,4,4
0,3,3,7,7,"C",7,4,4
0,3,8,5,7,"J",7,4,4
0,6,9,1,3,"A",7,4,4
0,7,2,5,1,"K",7,4,4
0,3,4,0,3,"V",7,4,4
0,4,2,4,5,"Q",7,4,4
0,4,2,4,5,"U",7,4,4
0,4,6,0,1,"R",7,4,4
0,5,3,8,4,"W",7,4,4
0,5,5,0,6,"J",7,4,4
0,5,5,8,3,"X",7,4,4
0,5,7,3,4,"N",7,4,4
0,5,9,3,6,"S",7,4,4
0,6,3,4,9,"U",7,4,4
0,6,4,3,5,"H",7,4,4
0,7,2,7,1,"P",7,4,4
0,7,3,5,3,"L",7,4,4
0,7,8,0,0,"S",7,4,4
0,7,9,1,1,"T",7,4,4
0,8,4,5,4,"Y",7,4,4
0,9,8,8,0,"J",7,4,4
0,2,0,1,"C",9,7,4,4
0,2,3,9,0,"V",7,4,4
0,2,4,3,"B",3,7,4,4
0,2,4,4,"B",3,7,4,4
0,2,5,0,"A",4,7,4,4
0,2,5,0,"F",8,7,4,4
0,2,5,6,0,"S",7,4,4
0,2,5,6,0,"T",7,4,4
0,3,0,0,3,"Q",7,4,4
0,3,0,7,4,"Q",7,4,4
0,3,9,5,"D",7,7,4,4
"A","V","M",1,6,"D",7,4,4
"A","V","M",1,6,"E",7,4,4
"A","V","M",1,6,"F",7,4,4
"A","V","M",1,6,"G",7,4,4
"A","V","M",1,6,"H",7,4,4
"A","V","M",1,6,"J",7,4,4
"A","V","M",1,6,"K",7,4,4
"A","V","M",1,6,"L",7,4,4
"A","V","M",1,6,"M",7,4,4
"A","V","M",6,"K","U",7,4,4
"A","V","M",7,1,"E",7,4,4
"C","V",7,"A",7,"N","C","A",3
0,8,7,4,2,"F",7,4,4
0,3,4,2,6,"L",7,4,4
0,3,6,3,7,"P",7,4,4
0,4,2,6,9,"Q",7,4,4
0,6,3,4,9,"V",7,4,4
0,9,7,6,2,"M",7,4,4
0,9,8,4,6,"G",7,4,4
0,0,2,3,5,"U",7,4,4
0,0,4,9,"A",3,7,4,4
0,1,1,5,4,"W",7,4,4
0,1,1,5,"E",6,7,4,4
0,2,0,1,"B",8,7,4,4
0,2,0,1,1,"Y",7,4,4
0,2,0,7,"A",7,7,4,4
0,2,3,9,1,"R",7,4,4
0,2,4,2,"D",1,7,4,4
0,2,4,3,"G",8,7,4,4
0,2,5,4,1,"Z",7,4,4
0,2,5,4,"A",2,7,4,4
0,2,5,5,0,"Z",7,4,4
0,2,9,8,"B",6,7,4,4
0,2,9,8,"A",7,7,4,4
0,3,0,2,0,"X",7,4,4
0,3,0,7,4,"R",7,4,4
0,3,0,7,4,"S",7,4,4
0,3,0,7,2,"V",7,4,4
"A","V","H","B",6,"R",7,4,4
"A","V","L","B","H","T",7,4,4
"A","V","M",0,"D","T",7,4,4
"A","V","M",0,"D","U",7,4,4
"A","V","M",0,"D","V",7,4,4
"A","V","M",0,"D","W",7,4,4
"A","V","M",0,"D","X",7,4,4
"A","V","M",0,"D","Y",7,4,4
"A","V","M",5,"W",2,7,4,4
"A","V","M",7,4,"K",7,4,4
0,2,3,4,9,8,7,4,4
0,9,1,0,4,2,7,4,4
0,1,2,5,9,"Q",7,4,4
0,3,2,7,7,"U",7,4,4
0,3,6,5,6,"U",7,4,4
0,4,2,5,7,"N",7,4,4
0,4,2,7,1,"N",7,4,4
0,4,4,0,8,"K",7,4,4
0,4,4,4,1,"V",7,4,4
0,4,7,6,4,"J",7,4,4
0,4,8,8,5,"P",7,4,4
0,4,9,2,"A",8,7,4,4
0,5,0,2,1,"P",7,4,4
0,5,3,0,8,"U",7,4,4
0,5,5,0,"C",8,7,4,4
0,5,5,8,"B",9,7,4,4
0,5,5,8,2,"X",7,4,4
0,5,5,8,"B",7,7,4,4
0,5,6,0,8,"S",7,4,4
0,6,4,5,6,"P",7,4,4
0,7,1,1,4,"M",7,4,4
0,9,8,3,9,"E",7,4,4
0,0,1,9,2,"R",7,4,4
"A","V","K",6,"G",5,7,4,4
0,1,0,9,"C",4,7,4,4
0,1,6,0,"B",8,7,4,4
0,2,0,1,"A",7,7,4,4
0,2,0,3,0,"Z",7,4,4
0,2,4,3,"B",2,7,4,4
0,2,5,3,9,"O",7,4,4
0,8,8,0,1,5,7,4,4
0,4,4,7,4,"C",7,4,4
0,1,7,8,5,"M",7,4,4
0,3,4,0,3,"S",7,4,4
0,3,4,7,6,"R",7,4,4
0,4,2,5,7,"W",7,4,4
0,4,6,2,5,"R",7,4,4
0,6,5,8,5,"U",7,4,4
0,1,0,6,3,"V",7,4,4
0,1,9,4,7,"W",7,4,4
0,2,0,3,"B",8,7,4,4
0,2,0,3,2,"T",7,4,4
0,2,3,1,"B",3,7,4,4
0,2,3,9,0,"T",7,4,4
0,2,4,2,"D",5,7,4,4
0,2,4,4,"B",1,7,4,4
0,3,0,0,"A",5,7,4,4
0,3,0,0,"C",9,7,4,4
0,3,0,2,0,"Y",7,4,4
0,3,0,5,8,"X",7,4,4
0,3,4,7,"C",8,7,4,4
0,3,7,9,5,"V",7,4,4
0,3,9,2,"B",1,7,4,4
0,4,6,1,"B",2,7,4,4
"A","V","M",1,6,4,7,4,4
"A","V","M",1,6,7,7,4,4
"A","V","M",1,6,8,7,4,4
"A","V","M",1,6,9,7,4,4
"A","V","M",1,6,"A",7,4,4
"A","V","M",1,6,"B",7,4,4
"A","V","M",1,6,"C",7,4,4
"A","V","M",1,6,"P",7,4,4
"A","V","M",1,"S",0,7,4,4
"A","V","M",1,"S",1,7,4,4
"A","V","M",6,"N","A",7,4,4
0,2,9,5,4,"F",7,4,4
0,9,0,3,2,"B",7,4,4
0,2,9,6,0,"P",7,4,4
0,9,2,6,8,"C",7,4,4
0,9,6,1,5,"D",7,4,4
0,9,8,1,0,"A",7,4,4
0,9,8,6,4,4,7,4,4
0,9,9,2,9,"A",7,4,4
0,3,9,8,4,"H",7,4,4
0,4,6,7,6,"T",7,4,4
0,5,3,1,1,"O",7,4,4
0,5,4,8,2,"K",7,4,4
0,5,6,8,8,"Y",7,4,4
0,5,8,2,3,"Q",7,4,4
0,5,9,8,6,"L",7,4,4
0,6,0,4,5,"O",7,4,4
0,6,9,0,0,"P",7,4,4
0,7,2,2,6,"P",7,4,4
0,7,4,1,3,"S",7,4,4
0,8,5,6,5,"O",7,4,4
0,9,2,4,6,"J",7,4,4
0,9,2,6,0,"C",7,4,4
0,9,4,0,7,"D",7,4,4
0,0,4,6,5,"U",7,4,4
0,1,0,6,"F",5,7,4,4
0,1,1,2,"C",8,7,4,4
0,1,9,4,7,"V",7,4,4
0,1,9,4,7,"X",7,4,4
0,1,9,4,"B",6,7,4,4
0,1,9,4,"B",7,7,4,4
0,2,0,1,"A",3,7,4,4
0,2,2,3,8,"Z",7,4,4
0,2,5,4,7,"Z",7,4,4
0,2,7,8,0,"Z",7,4,4
0,3,4,6,9,"Z",7,4,4
0,4,5,9,"E",6,7,4,4
0,0,5,1,7,"M",7,4,4
0,9,6,4,8,"B",7,4,4
0,1,5,0,2,"T",7,4,4
0,4,2,5,7,"U",7,4,4
0,4,6,0,9,"L",7,4,4
0,5,2,0,9,"S",7,4,4
0,6,1,1,4,"R",7,4,4
0,6,3,4,9,"W",7,4,4
0,6,9,1,0,"U",7,4,4
0,6,9,5,0,"W",7,4,4
0,7,8,0,3,"O",7,4,4
0,8,5,5,3,"X",7,4,4
0,2,0,3,"A",0,7,4,4
0,2,3,7,6,"U",7,4,4
0,2,4,6,4,"V",7,4,4
0,3,0,0,"A",8,7,4,4
0,3,0,2,0,"W",7,4,4
0,3,0,2,"A",5,7,4,4
0,3,0,7,"C",9,7,4,4
0,3,0,8,6,"W",7,4,4
"A","V","M",3,"K",4,7,4,4
"A","V","M",3,"K",5,7,4,4
"A","V","M",3,"K",6,7,4,4
"A","V","M",6,"H",8,7,4,4
"A","V","M",6,"X","X",7,4,4
"A","V","M",7,0,"N",7,4,4
"A","V","M",7,0,"V",7,4,4
0,8,2,0,9,0,7,4,4
0,0,4,9,1,"I",7,4,4
0,1,9,9,7,"B",7,4,4
0,3,9,2,3,"M",7,4,4
0,5,9,1,4,"L",7,4,4
0,7,8,7,1,"K",7,4,4
0,7,9,4,7,"F",7,4,4
0,9,7,2,2,"F",7,4,4
0,2,1,4,5,"U",7,4,4
0,2,2,7,5,"S",7,4,4
0,4,2,2,9,"H",7,4,4
0,4,1,9,9,"Y",7,4,4
0,4,2,5,6,"L",7,4,4
0,4,2,5,6,"Q",7,4,4
0,4,4,0,7,"O",7,4,4
0,4,6,0,8,"Y",7,4,4
0,4,9,8,8,"J",7,4,4
0,5,7,1,0,"X",7,4,4
0,6,1,4,6,"Q",7,4,4
0,7,1,1,5,"L",7,4,4
0,7,1,3,6,"T",7,4,4
0,7,1,9,6,"S",7,4,4
0,7,2,9,1,"Q",7,4,4
0,9,9,4,0,1,7,4,4
0,0,0,8,1,"L",7,4,4
0,2,0,7,"C",8,7,4,4
0,2,2,8,"C",6,7,4,4
0,3,0,0,"A",7,7,4,4
0,3,0,9,4,"Y",7,4,4
0,2,6,8,9,2,7,4,4
0,7,9,8,4,7,7,4,4
0,5,6,8,0,"A",7,4,4
0,4,7,4,9,"L",7,4,4
0,6,9,1,4,"H",7,4,4
0,7,8,5,5,"O",7,4,4
0,9,7,1,9,"D",7,4,4
0,3,6,3,0,"A",7,4,4
0,3,7,4,"A",9,7,4,4
0,4,0,1,3,"T",7,4,4
0,4,2,2,9,"G",7,4,4
0,4,2,7,1,"M",7,4,4
0,4,9,0,1,"K",7,4,4
0,5,2,3,6,"O",7,4,4
0,5,4,2,4,"M",7,4,4
0,7,1,1,4,"K",7,4,4
0,7,4,1,9,"W",7,4,4
0,7,6,7,8,"Q",7,4,4
0,7,7,9,9,"P",7,4,4
0,8,4,6,7,"X",7,4,4
0,9,8,2,0,5,7,4,4
0,9,8,4,6,"H",7,4,4
0,9,8,8,0,0,7,4,4
0,0,0,6,1,"N",7,4,4
0,0,0,8,0,"H",7,4,4
0,1,0,3,0,"Y",7,4,4
"A","V","M",6,"S","L",7,4,4
"A","V","M",7,"M",2,7,4,4
0,1,9,3,5,"E",7,4,4
0,1,9,7,3,"G",7,4,4
0,7,0,0,4,"D",7,4,4
0,7,3,1,7,"E",7,4,4
0,7,5,2,6,"A",7,4,4
0,0,5,4,5,"Q",7,4,4
0,1,6,3,7,"T",7,4,4
0,2,8,6,6,"U",7,4,4
0,4,2,5,6,"S",7,4,4
0,5,4,0,4,"N",7,4,4
0,5,6,0,5,"S",7,4,4
0,6,4,3,4,"I",7,4,4
0,7,3,1,9,"O",7,4,4
0,8,8,0,3,"V",7,4,4
0,9,5,9,3,"G",7,4,4
0,9,7,4,9,"H",7,4,4
0,9,8,0,2,"P",7,4,4
0,9,8,4,6,"I",7,4,4
0,9,8,5,1,"F",7,4,4
0,0,0,6,2,"O",7,4,4
0,2,0,3,"A",1,7,4,4
0,2,2,8,3,"V",7,4,4
0,2,6,7,5,"N",7,4,4
0,5,5,7,4,"T",7,4,4
0,5,5,9,3,"Z",7,4,4
0,5,6,5,"D",6,7,4,4
0,5,6,5,"C",2,7,4,4
0,5,6,5,"C",5,7,4,4
0,3,1,0,4,"C",7,4,4
0,8,5,4,5,"B",7,4,4
0,9,1,7,7,"D",7,4,4
0,9,1,6,3,"E",7,4,4
"A","V","E",1,"M",8,7,4,4
0,5,2,0,9,"K",7,4,4
0,6,0,5,4,"N",7,4,4
0,0,0,2,1,"L",7,4,4
0,1,2,2,9,"Y",7,4,4
0,1,9,3,3,"N",7,4,4
"A","V","E",1,"M",7,7,4,4
0,3,8,6,6,"N",7,4,4
0,4,2,5,6,"N",7,4,4
0,4,5,6,7,"O",7,4,4
0,4,6,9,1,"Q",7,4,4
0,5,0,2,8,"M",7,4,4
0,5,3,7,0,"U",7,4,4
0,5,3,8,4,"Z",7,4,4
0,5,5,2,5,"S",7,4,4
0,5,5,8,"C",6,7,4,4
0,5,5,8,"D",9,7,4,4
0,5,7,5,6,"T",7,4,4
0,5,7,9,2,"P",7,4,4
0,5,9,2,4,"Q",7,4,4
0,7,1,3,8,"O",7,4,4
0,7,6,0,7,"J",7,4,4
0,7,8,0,3,"P",7,4,4
0,9,8,3,6,"G",7,4,4
0,9,9,4,0,3,7,4,4
0,2,3,9,0,"X",7,4,4
0,2,3,9,1,"K",7,4,4
0,2,3,9,1,"L",7,4,4
0,2,4,2,"B",2,7,4,4
0,3,0,0,"A",6,7,4,4
0,4,4,9,5,"Q",7,4,4
"A","V","M",0,"P",2,7,4,4
"A","V","M",0,"P",3,7,4,4
"A","V","M",0,"P",4,7,4,4
"A","V","M",6,"B","A",7,4,4
"A","V","M",6,"E",9,7,4,4
"A","V","M",6,"E","A",7,4,4
"A","V","M",6,"P","E",7,4,4
0,4,4,1,9,1,7,4,4
0,2,8,5,2,"J",7,4,4
0,5,6,7,8,"F",7,4,4
0,9,6,3,6,4,7,4,4
0,2,1,7,4,"A",7,4,4
0,3,9,8,9,"N",7,4,4
0,4,6,8,8,"K",7,4,4
0,6,2,3,1,"L",7,4,4
0,6,7,0,4,"L",7,4,4
0,6,7,6,2,"K",7,4,4
0,7,8,1,7,"K",7,4,4
0,1,2,7,8,"U",7,4,4
0,2,1,5,3,"Q",7,4,4
0,3,9,9,2,"Y",7,4,4
0,4,2,4,4,"K",7,4,4
0,4,2,7,0,"T",7,4,4
0,6,7,7,6,"S",7,4,4
0,9,8,4,2,"G",7,4,4
0,9,8,5,1,"E",7,4,4
0,9,8,7,0,"H",7,4,4
0,9,9,6,0,"K",7,4,4
0,0,9,5,5,"S",7,4,4
0,2,9,7,"D",9,7,4,4
0,3,0,2,0,"Z",7,4,4
0,3,1,2,0,"L",7,4,4
"A","V","M",6,"H","U",7,4,4
0,1,3,1,1,"C",7,4,4
0,8,8,2,5,"H",7,4,4
0,1,3,5,2,"M",7,4,4
0,9,1,3,1,"N",7,4,4
0,9,2,1,8,"H",7,4,4
0,2,6,3,9,"R",7,4,4
0,3,5,9,9,"S",7,4,4
0,4,2,5,6,"R",7,4,4
0,4,3,2,5,"N",7,4,4
0,4,5,0,5,"X",7,4,4
0,5,0,1,9,"U",7,4,4
0,5,3,1,5,"Y",7,4,4
0,5,8,3,1,"P",7,4,4
0,5,9,8,7,"O",7,4,4
0,6,7,8,8,"T",7,4,4
0,7,9,0,6,"U",7,4,4
0,8,4,7,5,"V",7,4,4
0,8,7,3,0,"P",7,4,4
0,9,8,4,6,"J",7,4,4
0,0,0,2,3,"M",7,4,4
0,0,1,3,6,"I",7,4,4
0,0,4,8,2,"S",7,4,4
0,1,1,5,"F",1,7,4,4
0,2,1,5,3,"V",7,4,4
0,3,3,7,7,"S",7,4,4
0,3,3,7,"A",5,7,4,4
0,9,9,2,3,"A",7,4,4
0,9,9,9,8,"G",7,4,4
0,0,5,1,0,"V",7,4,4
0,1,4,9,2,"S",7,4,4
0,1,7,0,0,"K",7,4,4
0,1,8,6,2,"S",7,4,4
0,1,9,3,3,"K",7,4,4
0,4,3,0,0,"R",7,4,4
0,4,9,9,2,"X",7,4,4
0,5,3,1,2,"O",7,4,4
0,5,5,8,3,"Y",7,4,4
0,5,5,8,4,"U",7,4,4
0,5,7,6,2,"U",7,4,4
0,5,7,9,2,"R",7,4,4
0,6,3,8,3,"O",7,4,4
0,6,3,9,5,"U",7,4,4
0,6,5,7,4,"U",7,4,4
0,7,1,3,7,"R",7,4,4
0,7,1,9,"A",7,7,4,4
0,7,8,0,2,"N",7,4,4
0,8,4,8,2,"X",7,4,4
0,9,6,3,3,"J",7,4,4
0,9,8,3,3,"L",7,4,4
0,9,9,6,2,"F",7,4,4
0,0,3,9,"K",7,7,4,4
0,1,9,4,7,"Y",7,4,4
0,2,0,1,6,"Z",7,4,4
0,2,1,6,5,"M",7,4,4
0,2,4,6,5,"V",7,4,4
0,2,7,3,0,"V",7,4,4
0,3,0,9,5,"V",7,4,4
0,3,3,6,8,"Y",7,4,4
"A","V","L",6,"M","W",7,4,4
"A","V","M",2,2,"X",7,4,4
"A","V","M",2,2,"Y",7,4,4
"A","V","M",2,3,0,7,4,4
"A","V","M",6,"G",2,7,4,4
"A","V","M",6,"S","K",7,4,4
"A","V","M",6,"X","R",7,4,4
0,0,8,5,6,"G",7,4,4
0,7,2,1,9,"F",7,4,4
0,1,2,9,8,"S",7,4,4
0,9,8,2,4,5,7,4,4
0,3,3,9,9,"W",7,4,4
0,4,9,3,"A",7,7,4,4
0,5,5,2,8,"S",7,4,4
0,5,5,2,8,"T",7,4,4
0,5,5,2,9,"Q",7,4,4
0,6,8,8,4,"X",7,4,4
0,8,4,3,7,"S",7,4,4
0,9,7,7,6,"C",7,4,4
0,2,4,4,8,"I",7,4,4
0,2,4,5,"F",7,7,4,4
0,2,4,6,"H",7,7,4,4
0,2,4,6,"I",8,7,4,4
0,2,4,7,5,"Y",7,4,4
0,2,6,8,3,"U",7,4,4
0,3,6,7,1,"R",7,4,4
0,3,6,7,5,"O",7,4,4
0,3,7,4,9,"U",7,4,4
0,4,3,9,3,"V",7,4,4
0,6,7,2,9,0,7,4,4
0,5,3,7,1,"E",7,4,4
0,2,0,5,6,"N",7,4,4
0,2,3,3,4,"H",7,4,4
0,3,6,5,5,"S",7,4,4
0,4,5,4,6,"P",7,4,4
0,0,5,0,3,"U",7,4,4
0,2,2,7,5,"N",7,4,4
0,3,4,7,6,"Q",7,4,4
0,5,1,7,0,"X",7,4,4
0,5,1,7,9,"X",7,4,4
0,5,3,3,7,"P",7,4,4
0,5,4,0,4,"T",7,4,4
0,5,4,8,2,"L",7,4,4
0,5,5,2,8,"V",7,4,4
0,5,5,2,9,"L",7,4,4
0,5,5,2,9,"P",7,4,4
0,5,5,3,0,"V",7,4,4
0,5,5,3,1,"R",7,4,4
0,5,5,3,"B",8,7,4,4
0,5,7,4,1,"Q",7,4,4
0,6,1,2,7,"L",7,4,4
0,6,1,6,2,"Y",7,4,4
0,6,8,7,7,"P",7,4,4
0,6,9,4,9,"G",7,4,4
0,7,3,6,2,"R",7,4,4
0,9,7,6,1,"J",7,4,4
0,9,7,7,8,"H",7,4,4
0,9,7,9,4,"C",7,4,4
0,9,8,5,9,"E",7,4,4
0,1,8,5,9,"S",7,4,4
0,1,9,0,"B",5,7,4,4
0,2,5,1,"D",8,7,4,4
0,2,8,3,4,"R",7,4,4
0,3,0,9,2,"X",7,4,4
0,3,1,1,2,"Q",7,4,4
0,3,5,8,4,"Y",7,4,4
0,3,6,7,0,"R",7,4,4
"A","V","L","H","W","H",7,4,4
0,4,8,3,"B",9,7,4,4
"A","V","H","H","H","L",7,4,4
"A","V","M",6,"G",7,7,4,4
"A","V","M",6,"M","P",7,4,4
0,4,6,5,1,3,7,4,4
0,6,6,5,7,8,7,4,4
0,7,1,5,5,"L",7,4,4
0,1,8,2,"A",7,7,4,4
0,4,3,2,5,"O",7,4,4
0,4,9,9,2,"W",7,4,4
0,6,4,6,7,"K",7,4,4
0,8,6,0,4,"X",7,4,4
0,8,6,2,0,"T",7,4,4
0,8,6,3,3,"V",7,4,4
0,0,3,9,7,"W",7,4,4
0,1,6,6,"B",4,7,4,4
0,3,3,9,"D",8,7,4,4
0,3,5,3,3,"X",7,4,4
0,3,6,6,8,"Z",7,4,4
0,3,7,6,"A",5,7,4,4
0,4,5,3,3,"T",7,4,4
0,4,5,6,"F",8,7,4,4
0,4,5,9,5,"Y",7,4,4
"A","V","L","M","T",9,7,4,4
"A","V","L","M","T","A",7,4,4
0,4,8,1,"C",0,7,4,4
"A","V","L","S","A",0,7,4,4
"A","V","L","S","A",1,7,4,4
"A","V","L","T",9,"E",7,4,4
0,5,2,1,"E",8,7,4,4
"A","V","M",1,"A","P",7,4,4
"A","V","M",1,"A","R",7,4,4
"A","V","M",1,"A","S",7,4,4
"A","V","M",1,"A","T",7,4,4
"A","V","M",3,7,"U",7,4,4
0,1,9,3,2,"B",7,4,4
0,8,0,3,4,"G",7,4,4
0,4,8,6,5,"K",7,4,4
0,7,7,1,9,"K",7,4,4
"A","V","F","U",0,"B",7,4,4
0,3,2,5,5,"Q",7,4,4
0,3,2,8,"B",7,7,4,4
0,3,3,6,0,"S",7,4,4
0,3,9,5,4,"X",7,4,4
0,4,5,2,9,"R",7,4,4
0,5,1,2,3,"Q",7,4,4
0,5,3,3,6,"V",7,4,4
0,5,5,3,0,"W",7,4,4
0,5,5,3,2,"X",7,4,4
0,5,5,6,0,"N",7,4,4
0,5,5,6,0,"O",7,4,4
0,5,6,1,5,"M",7,4,4
0,5,6,1,6,"M",7,4,4
0,5,6,7,1,"U",7,4,4
0,5,9,9,1,"N",7,4,4
"A","V","J","M","D",7,7,4,4
0,9,6,8,4,"J",7,4,4
0,9,7,7,8,"F",7,4,4
0,9,8,1,8,"J",7,4,4
0,0,2,2,7,"L",7,4,4
0,1,2,2,4,"V",7,4,4
0,1,6,9,7,"X",7,4,4
0,2,3,2,2,"O",7,4,4
0,3,1,5,1,"Q",7,4,4
0,3,2,2,"E",6,7,4,4
0,3,2,8,0,"W",7,4,4
0,3,4,7,"A",3,7,4,4
0,3,7,6,2,"X",7,4,4
0,4,2,5,2,"O",7,4,4
0,4,4,6,7,"S",7,4,4
0,5,1,6,6,"V",7,4,4
"A","V","M",6,"J",2,7,4,4
0,1,6,6,5,"I",7,4,4
0,2,5,4,2,"E",7,4,4
0,9,5,7,9,6,7,4,4
0,1,1,0,5,"N",7,4,4
0,4,9,5,3,"I",7,4,4
0,7,3,9,7,"F",7,4,4
0,1,5,5,2,"Q",7,4,4
0,1,6,9,5,"X",7,4,4
0,2,2,0,0,"Y",7,4,4
0,3,3,2,2,"N",7,4,4
0,3,7,7,3,"T",7,4,4
0,4,2,0,4,"N",7,4,4
0,4,4,0,0,"G",7,4,4
0,4,5,5,2,"X",7,4,4
0,4,5,6,9,"U",7,4,4
0,4,7,5,1,"R",7,4,4
0,4,9,3,1,"Y",7,4,4
0,5,0,1,0,"H",7,4,4
0,5,3,2,"A",7,7,4,4
0,5,3,0,8,"W",7,4,4
0,5,5,3,0,"S",7,4,4
0,5,5,3,2,"Y",7,4,4
0,5,5,3,"B",9,7,4,4
0,5,5,3,3,"R",7,4,4
0,5,7,7,2,"M",7,4,4
0,6,2,3,4,"O",7,4,4
0,6,3,3,6,"S",7,4,4
0,6,9,4,9,"H",7,4,4
0,7,0,9,5,"T",7,4,4
0,7,0,9,2,"V",7,4,4
0,7,1,1,0,"W",7,4,4
0,7,1,5,3,"P",7,4,4
0,7,1,7,3,"L",7,4,4
0,7,8,0,4,"Q",7,4,4
0,9,3,7,9,"I",7,4,4
0,9,3,7,5,"M",7,4,4
0,9,3,8,9,"D",7,4,4
0,9,4,5,6,"J",7,4,4
0,9,6,2,4,"L",7,4,4
0,9,6,4,4,"E",7,4,4
0,9,8,1,8,"E",7,4,4
0,0,6,8,4,"R",7,4,4
0,1,2,5,"G",9,7,4,4
0,1,3,2,"B",6,7,4,4
0,1,7,3,"G",8,7,4,4
0,2,1,0,1,"Y",7,4,4
0,2,1,8,4,"Q",7,4,4
0,3,0,8,8,"Z",7,4,4
0,3,5,3,2,"S",7,4,4
0,3,5,9,"A",8,7,4,4
0,3,6,0,9,"V",7,4,4
0,3,9,4,"A",1,7,4,4
"A","V","M",0,"V",4,7,4,4
0,8,8,6,3,9,7,4,4
0,1,0,2,8,"R",7,4,4
0,3,6,8,7,"O",7,4,4
0,5,5,2,0,"U",7,4,4
0,5,5,8,0,"Z",7,4,4
0,5,6,0,9,"V",7,4,4
0,5,6,1,8,"N",7,4,4
0,5,6,8,7,"L",7,4,4
0,5,6,9,2,"Y",7,4,4
0,5,7,0,2,"R",7,4,4
0,6,5,9,0,"Q",7,4,4
0,6,6,8,0,"L",7,4,4
0,7,0,4,8,"T",7,4,4
0,8,5,2,3,"X",7,4,4
0,8,6,1,6,"T",7,4,4
0,9,7,6,1,"K",7,4,4
0,0,0,7,1,"N",7,4,4
0,1,3,6,"I",8,7,4,4
0,2,1,6,0,"I",7,4,4
0,2,4,5,"E",8,7,4,4
0,2,5,6,2,"X",7,4,4
"A","V","K","U","M",8,7,4,4
0,2,8,6,"J",8,7,4,4
0,4,4,8,4,"M",7,4,4
0,4,5,2,5,"Z",7,4,4
0,1,7,1,4,"F",7,4,4
0,2,1,9,8,"G",7,4,4
0,2,5,9,5,"B",7,4,4
0,4,0,2,0,"J",7,4,4
0,4,1,9,6,"E",7,4,4
0,4,8,8,2,"E",7,4,4
0,8,2,0,4,"G",7,4,4
0,8,3,1,0,"B",7,4,4
0,5,3,6,6,"N",7,4,4
0,9,7,1,9,"A",7,4,4
0,1,2,6,6,"U",7,4,4
0,3,7,1,9,"V",7,4,4
0,3,7,4,7,"V",7,4,4
0,4,9,3,5,"S",7,4,4
0,5,3,8,1,"W",7,4,4
0,6,8,7,"B",8,7,4,4
0,7,8,0,1,"U",7,4,4
0,7,9,1,1,"P",7,4,4
0,8,3,6,0,"V",7,4,4
"A","V","K",4,"T","E",7,4,4
0,1,4,9,"C",9,7,4,4
0,2,4,2,6,"Q",7,4,4
0,2,4,2,6,"S",7,4,4
0,2,4,3,"I",8,7,4,4
0,2,5,6,"C",8,7,4,4
0,3,4,4,4,"U",7,4,4
0,3,5,1,"E",8,7,4,4
0,4,9,6,"B",0,7,4,4
0,5,0,0,3,"S",7,4,4
"A","V","M",6,"A",8,7,4,4
0,2,7,6,0,"G",7,4,4
"A","V","B","F","K",7,7,4,4
0,7,8,7,0,"C",7,4,4
0,9,0,4,2,"B",7,4,4
"A","V","D",1,6,2,7,4,4
0,2,8,2,9,"N",7,4,4
0,4,4,1,8,"K",7,4,4
0,4,9,1,9,"J",7,4,4
0,5,0,2,4,"J",7,4,4
0,4,2,2,2,"V",7,4,4
0,4,2,6,7,"L",7,4,4
0,4,3,0,0,"Q",7,4,4
0,4,5,7,9,"Q",7,4,4
0,4,6,2,5,"S",7,4,4
0,4,6,2,6,"N",7,4,4
0,4,6,2,9,"R",7,4,4
0,4,6,3,4,"L",7,4,4
0,5,2,9,7,"X",7,4,4
0,5,2,9,7,"Z",7,4,4
0,5,3,1,2,"N",7,4,4
0,7,8,0,1,"V",7,4,4
0,9,8,3,1,"I",7,4,4
0,9,8,3,3,"I",7,4,4
0,9,8,5,1,"J",7,4,4
0,9,8,6,2,"D",7,4,4
0,9,8,6,7,"R",7,4,4
0,0,3,4,"A",1,7,4,4
0,0,3,4,"C",2,7,4,4
0,2,4,2,5,"W",7,4,4
0,2,4,2,5,"X",7,4,4
0,2,5,6,1,"X",7,4,4
0,2,9,7,0,"W",7,4,4
0,3,0,2,"C",4,7,4,4
0,3,0,9,"B",8,7,4,4
"A","V","L",7,"D",7,7,4,4
0,4,5,8,"E",8,7,4,4
0,4,7,2,"A",8,7,4,4
"A","V","L","U","F","Y",7,4,4
"A","V","M",1,6,"T",7,4,4
"A","V","M",1,"C","K",7,4,4
"A","V","M",3,"P","C",7,4,4
"A","V","M",3,"P","D",7,4,4
"A","V","M",3,"P","E",7,4,4
"A","V","M",3,"V","X",7,4,4
"A","V","M",3,"V","Y",7,4,4
"A","V","M",7,"R","B",7,4,4
0,3,2,6,2,0,7,4,4
0,5,0,1,6,2,7,4,4
0,8,2,1,1,3,7,4,4
0,8,5,4,3,5,7,4,4
0,1,1,5,8,"E",7,4,4
0,1,1,5,8,"J",7,4,4
0,9,6,9,7,"G",7,4,4
0,1,1,9,6,"V",7,4,4
0,2,2,4,4,"W",7,4,4
0,4,0,3,4,"Q",7,4,4
0,4,6,0,8,"W",7,4,4
0,5,2,9,7,"T",7,4,4
0,5,3,0,1,"T",7,4,4
0,5,4,2,3,"T",7,4,4
0,7,1,3,7,"Q",7,4,4
0,9,7,9,5,4,7,4,4
0,9,8,0,9,"P",7,4,4
0,0,3,4,"B",3,7,4,4
0,2,6,5,2,"X",7,4,4
0,2,6,8,6,"P",7,4,4
0,2,7,3,1,"Y",7,4,4
0,3,0,0,"C",6,7,4,4
0,3,0,8,"A",4,7,4,4
0,3,2,7,"B",8,7,4,4
0,3,7,7,"H",6,7,4,4
"A","V","L","J",6,"V",7,4,4
0,4,7,2,0,"P",7,4,4
0,4,7,2,2,"P",7,4,4
"A","V","M",6,"F","P",7,4,4
"C","-","C",7,"Y","T",8,9,7
0,1,0,3,5,"Q",7,4,4
0,1,0,4,3,"P",7,4,4
0,4,5,4,2,"V",7,4,4
0,4,6,2,6,"O",7,4,4
0,5,2,9,6,"Q",7,4,4
0,5,2,9,6,"X",7,4,4
0,5,2,9,7,"Y",7,4,4
0,5,3,0,2,"M",7,4,4
0,5,3,1,2,"P",7,4,4
0,5,3,1,2,"R",7,4,4
0,5,3,2,3,"S",7,4,4
0,5,3,3,2,"U",7,4,4
0,5,3,5,7,"Q",7,4,4
0,5,3,5,7,"T",7,4,4
0,6,8,9,9,"Q",7,4,4
0,7,1,3,8,"L",7,4,4
0,7,1,8,7,"Q",7,4,4
0,9,8,1,2,"K",7,4,4
0,0,8,6,"F",9,7,4,4
0,3,3,9,"A",3,7,4,4
0,3,3,9,"A",2,7,4,4
0,3,3,9,"A",4,7,4,4
0,4,4,8,6,"N",7,4,4
0,6,5,5,9,7,7,4,4
0,6,6,1,8,9,7,4,4
0,7,1,5,7,2,7,4,4
0,7,9,7,4,"C",7,4,4
0,1,0,1,5,"P",7,4,4
0,1,0,6,4,"M",7,4,4
0,1,0,1,5,"Q",7,4,4
0,1,0,6,3,"N",7,4,4
0,1,5,5,1,"S",7,4,4
0,1,4,5,4,"O",7,4,4
0,1,5,8,8,"P",7,4,4
0,1,9,4,8,"G",7,4,4
0,1,9,4,8,"L",7,4,4
0,1,7,6,4,"M",7,4,4
0,3,6,8,1,"W",7,4,4
0,3,8,0,2,"J",7,4,4
0,4,0,0,3,"T",7,4,4
0,4,2,0,7,"M",7,4,4
0,4,2,2,6,"P",7,4,4
0,4,4,4,1,"T",7,4,4
0,5,2,9,"A",7,7,4,4
0,5,3,1,2,"M",7,4,4
0,5,3,5,7,"O",7,4,4
0,7,1,0,1,"O",7,4,4
0,0,0,1,3,"V",7,4,4
0,2,0,3,"B",7,7,4,4
0,3,5,0,"A",6,7,4,4
0,7,8,7,0,"D",7,4,4
"C","-","F","B","Y","M",8,9,7
"A","V","G","J","M",9,7,4,4
0,4,4,4,1,"S",7,4,4
0,4,5,8,9,"U",7,4,4
0,4,6,0,8,"T",7,4,4
0,5,4,4,9,"K",7,4,4
0,6,4,3,4,"H",7,4,4
0,7,4,2,0,"U",7,4,4
0,7,6,2,6,"P",7,4,4
0,9,8,5,0,"J",7,4,4
0,0,1,1,1,"N",7,4,4
0,1,0,6,0,"Z",7,4,4
0,2,7,2,"A",6,7,4,4
0,2,7,4,1,"T",7,4,4
0,3,0,2,"A",3,7,4,4
"A","V","M",0,"N","T",7,4,4
0,1,2,6,0,"H",7,4,4
0,9,0,2,7,"E",7,4,4
0,0,5,1,4,"R",7,4,4
0,5,7,6,7,"L",7,4,4
0,3,7,0,2,"N",7,4,4
0,3,8,2,7,"V",7,4,4
0,4,6,0,1,"U",7,4,4
0,5,3,8,"E",7,7,4,4
0,5,3,8,5,"V",7,4,4
0,5,4,0,3,"K",7,4,4
0,5,4,0,3,"N",7,4,4
0,7,8,0,2,"K",7,4,4
0,7,8,0,2,"O",7,4,4
0,7,9,1,0,"S",7,4,4
0,7,9,1,0,"W",7,4,4
0,7,9,1,0,"U",7,4,4
0,8,4,4,6,"V",7,4,4
0,9,8,1,3,"R",7,4,4
0,9,8,7,4,"G",7,4,4
0,0,1,0,8,"W",7,4,4
0,0,1,8,4,"Y",7,4,4
0,0,3,4,2,"S",7,4,4
0,0,4,0,8,"U",7,4,4
0,1,1,3,0,"O",7,4,4
0,2,0,3,2,"S",7,4,4
0,2,0,5,"A",1,7,4,4
0,2,4,2,5,"V",7,4,4
0,2,4,3,9,"X",7,4,4
0,2,5,2,4,"V",7,4,4
0,2,7,0,"D",4,7,4,4
0,2,7,2,"C",9,7,4,4
0,3,0,0,"A",4,7,4,4
0,3,0,0,2,"Z",7,4,4
0,3,0,0,"C",7,7,4,4
0,3,0,8,6,"X",7,4,4
0,4,0,3,"A",1,7,4,4
0,4,2,2,"A",3,7,4,4
0,4,9,8,4,"Y",7,4,4
"A","V","M",0,"N","U",7,4,4
0,6,3,2,5,"D",7,4,4
0,6,9,5,0,"K",7,4,4
0,7,5,9,6,"P",7,4,4
0,2,4,0,6,"S",7,4,4
0,3,4,2,6,"K",7,4,4
0,4,1,0,3,"N",7,4,4
0,4,4,4,1,"Q",7,4,4
0,5,2,9,6,"S",7,4,4
0,5,3,1,1,"N",7,4,4
0,5,3,1,2,"Q",7,4,4
0,5,3,3,2,"T",7,4,4
0,5,3,3,"B",8,7,4,4
0,5,3,5,5,"Q",7,4,4
0,5,5,0,5,"Y",7,4,4
0,5,5,0,7,"P",7,4,4
0,5,5,0,"B",8,7,4,4
0,5,5,2,4,"Q",7,4,4
0,7,0,5,6,"W",7,4,4
0,7,7,9,7,"M",7,4,4
0,7,7,9,8,"G",7,4,4
0,9,7,0,4,"D",7,4,4
0,9,7,3,1,"P",7,4,4
0,2,0,1,"I",9,7,4,4
0,2,0,3,"C",8,7,4,4
0,2,4,2,"G",9,7,4,4
0,2,4,2,5,"U",7,4,4
0,2,5,4,0,"Y",7,4,4
0,3,0,0,2,"Y",7,4,4
0,3,0,7,"A",7,7,4,4
0,0,6,1,9,"I",7,4,4
0,0,8,3,7,"G",7,4,4
0,1,1,3,7,"H",7,4,4
0,1,2,3,1,"O",7,4,4
0,1,3,7,2,"K",7,4,4
0,3,4,6,7,"P",7,4,4
0,3,6,6,6,"O",7,4,4
0,4,2,5,7,"R",7,4,4
0,4,2,5,7,"S",7,4,4
0,4,2,7,1,"P",7,4,4
0,4,3,6,0,"U",7,4,4
0,4,5,2,1,"O",7,4,4
0,4,9,5,4,"J",7,4,4
0,5,2,9,6,"U",7,4,4
0,5,3,5,6,"P",7,4,4
0,5,3,5,7,"N",7,4,4
0,5,4,9,5,"V",7,4,4
0,7,0,2,3,"G",7,4,4
0,7,7,9,8,4,7,4,4
0,9,8,6,2,3,7,4,4
0,1,3,7,"A",2,7,4,4
0,2,8,2,5,"L",7,4,4
0,3,0,0,8,"W",7,4,4
0,3,0,1,"I",9,7,4,4
0,3,0,7,"B",8,7,4,4
0,3,5,3,1,"P",7,4,4
0,3,9,5,"C",8,7,4,4
0,4,0,1,"C",9,7,4,4
0,4,1,7,"A",6,7,4,4
0,4,6,2,"B",8,7,4,4
0,4,6,5,2,"Y",7,4,4
"A","V","M",6,"A",0,7,4,4
"A","V","M",6,"G","E",7,4,4
"A","V","M",6,"H",7,7,4,4
"A","V","M",6,"X","W",7,4,4
"A","V","M",6,"Y","U",7,4,4
0,9,1,0,0,6,7,4,4
0,2,9,2,3,"S",7,4,4
0,4,1,4,"A",8,7,4,4
0,4,5,1,2,"M",7,4,4
0,4,5,9,8,"T",7,4,4
0,4,6,2,7,"K",7,4,4
0,5,4,0,5,"P",7,4,4
0,5,5,4,2,"Y",7,4,4
0,5,7,0,"D",8,7,4,4
0,6,7,3,4,"I",7,4,4
0,6,8,7,1,"U",7,4,4
0,7,1,1,4,"J",7,4,4
0,9,7,9,5,"B",7,4,4
0,9,8,2,3,6,7,4,4
0,9,8,4,8,"B",7,4,4
0,9,8,4,8,"C",7,4,4
0,0,2,9,9,"R",7,4,4
0,0,7,8,"A",5,7,4,4
0,1,9,7,9,"V",7,4,4
0,2,2,8,8,"Q",7,4,4
0,2,4,1,"G",6,7,4,4
0,2,5,1,"H",8,7,4,4
0,2,5,7,"A",3,7,4,4
0,3,0,1,"A",3,7,4,4
0,4,5,8,"B",2,7,4,4
0,4,6,1,"A",5,7,4,4
0,4,6,6,5,"N",7,4,4
0,4,7,2,"A",3,7,4,4
"A","V","M",3,"V",3,7,4,4
"A","V","M",6,"H","G",7,4,4
"A","V","M",7,"M","F",7,4,4
0,9,1,2,2,3,7,4,4
0,8,0,6,3,"C",7,4,4
0,0,6,7,9,"L",7,4,4
0,3,6,3,6,"N",7,4,4
0,3,6,9,6,"V",7,4,4
0,4,0,6,8,"R",7,4,4
0,5,4,8,1,"U",7,4,4
0,5,4,8,2,"I",7,4,4
0,6,3,4,7,"N",7,4,4
0,6,3,4,8,"U",7,4,4
0,6,4,3,4,"G",7,4,4
0,7,1,7,4,"T",7,4,4
0,9,8,3,6,"H",7,4,4
0,9,8,3,6,"J",7,4,4
0,9,8,3,6,"M",7,4,4
0,9,8,3,6,"N",7,4,4
0,9,8,3,9,"G",7,4,4
0,9,8,4,7,"L",7,4,4
0,9,8,5,4,"G",7,4,4
0,9,8,5,4,"H",7,4,4
0,9,8,5,4,"J",7,4,4
0,9,8,6,1,"J",7,4,4
0,9,8,6,2,"B",7,4,4
0,0,1,9,0,"T",7,4,4
"A","V","K",6,"R","V",7,4,4
"A","V","K",7,"W","X",7,4,4
0,1,4,9,5,"X",7,4,4
0,1,5,9,2,"N",7,4,4
0,2,5,6,1,"W",7,4,4
0,2,6,6,5,"W",7,4,4
0,3,0,5,5,"X",7,4,4
0,3,4,2,7,"U",7,4,4
0,3,4,2,7,"V",7,4,4
"A","V","K",5,"F",7,7,4,4
"A","V","M",0,"C","E",7,4,4
"A","V","M",0,"C","G",7,4,4
0,4,7,3,4,9,7,4,4
0,0,3,1,9,"D",7,4,4
0,0,5,8,3,"D",7,4,4
0,4,0,3,1,"C",7,4,4
0,0,8,1,3,"L",7,4,4
0,0,9,6,9,"O",7,4,4
0,1,0,5,3,"M",7,4,4
0,1,2,2,8,"O",7,4,4
0,1,1,5,5,"J",7,4,4
0,1,2,0,7,"P",7,4,4
0,1,9,7,2,"M",7,4,4
0,2,2,8,7,"O",7,4,4
0,4,2,9,4,"Y",7,4,4
0,4,3,9,4,"B",7,4,4
0,4,3,9,4,"C",7,4,4
0,5,0,2,6,"O",7,4,4
0,5,4,0,3,"L",7,4,4
0,6,1,2,9,"Q",7,4,4
0,7,0,2,3,"H",7,4,4
0,9,0,5,7,"U",7,4,4
0,1,5,1,"A",7,7,4,4
0,1,8,1,7,"V",7,4,4
0,2,5,6,7,"W",7,4,4
0,2,9,2,"F",8,7,4,4
0,3,0,0,"E",6,7,4,4
0,3,5,2,9,"U",7,4,4
0,3,7,9,6,"Z",7,4,4
"A","V","L","M",6,"S",7,4,4
"A","V","M",1,7,1,7,4,4
"A","V","M",7,0,"C",7,4,4
6,0,5,2,2,5,7,4,4
0,0,3,2,3,"I",7,4,4
0,5,0,6,0,"D",7,4,4
0,0,5,4,3,"N",7,4,4
0,0,6,9,2,"N",7,4,4
0,1,9,2,8,"O",7,4,4
0,7,8,6,3,"K",7,4,4
0,4,2,0,5,"Q",7,4,4
0,4,2,5,7,"T",7,4,4
0,4,3,8,7,"Q",7,4,4
0,4,4,4,1,"R",7,4,4
0,5,3,3,"A",6,7,4,4
0,5,4,1,7,"O",7,4,4
0,5,4,8,2,"O",7,4,4
0,7,4,2,"A",8,7,4,4
0,0,1,8,6,"V",7,4,4
0,0,2,3,9,"R",7,4,4
0,1,0,9,"L",7,7,4,4
0,3,0,2,"A",1,7,4,4
0,3,7,9,"E",9,7,4,4
0,4,0,2,"D",8,7,4,4
0,4,9,6,"C",9,7,4,4
0,4,9,8,"G",9,7,4,4
0,5,0,0,3,"J",7,4,4
0,5,1,3,"C",5,7,4,4
"A","V","M",7,0,"P",7,4,4
0,9,0,5,4,2,7,4,4
0,1,4,8,6,"I",7,4,4
0,3,9,9,4,"G",7,4,4
0,1,2,2,8,"H",7,4,4
0,3,4,7,5,"V",7,4,4
0,4,2,2,3,"J",7,4,4
0,4,6,2,6,"R",7,4,4
"A","V","F","C","Y","S",7,4,4
0,5,4,0,3,"I",7,4,4
0,5,4,5,3,"R",7,4,4
0,6,3,4,7,"O",7,4,4
0,6,3,8,3,"M",7,4,4
0,6,3,8,4,"X",7,4,4
0,7,0,6,9,"T",7,4,4
0,7,0,4,6,"X",7,4,4
0,7,1,1,4,"N",7,4,4
0,9,7,7,9,"H",7,4,4
0,9,8,2,3,8,7,4,4
0,9,8,3,6,"L",7,4,4
0,9,8,3,9,"F",7,4,4
0,9,8,4,7,"I",7,4,4
0,9,8,4,7,"J",7,4,4
0,9,8,6,1,"B",7,4,4
0,9,8,6,1,"I",7,4,4
0,9,8,6,2,"C",7,4,4
0,0,3,4,"B",8,7,4,4
"A","V","K","C","J","H",7,4,4
0,1,7,2,5,"Y",7,4,4
0,2,0,3,2,"P",7,4,4
0,2,0,3,2,"Q",7,4,4
0,2,0,3,2,"R",7,4,4
0,2,3,3,7,"U",7,4,4
0,2,4,1,"J",8,7,4,4
0,2,4,2,5,"T",7,4,4
"A","V","M",4,3,"E",7,4,4
"A","V","M",4,3,"F",7,4,4
"A","V","M",4,3,"G",7,4,4
"A","V","M",4,3,"H",7,4,4
"A","V","M",4,3,"J",7,4,4
"A","V","M",4,3,"K",7,4,4
"A","V","M",4,3,"L",7,4,4
"A","V","M",4,3,"M",7,4,4
"A","V","M",4,3,"N",7,4,4
"A","V","M",4,"L","G",7,4,4
"A","V","M",4,"L","H",7,4,4
"A","V","M",5,"N","P",7,4,4
"A","V","M",6,"A",5,7,4,4
0,3,6,2,3,4,7,4,4
0,8,4,0,7,5,7,4,4
0,2,1,2,1,"G",7,4,4
0,2,5,5,6,"A",7,4,4
0,8,0,9,6,"M",7,4,4
0,8,2,7,7,"Q",7,4,4
0,5,7,8,8,"N",7,4,4
0,5,8,8,9,"O",7,4,4
0,6,3,5,1,"Y",7,4,4
0,6,4,1,5,"M",7,4,4
0,6,8,4,6,"P",7,4,4
0,6,8,7,1,"R",7,4,4
0,9,2,5,8,"J",7,4,4
0,9,7,0,8,"N",7,4,4
0,9,7,9,3,"A",7,4,4
0,0,1,1,2,"Q",7,4,4
0,0,1,0,9,"P",7,4,4
0,0,4,8,4,"Q",7,4,4
0,0,6,1,8,"V",7,4,4
0,0,7,3,7,"N",7,4,4
0,0,9,5,7,"W",7,4,4
0,0,9,8,"B",2,7,4,4
0,1,0,0,5,"W",7,4,4
0,1,5,6,1,"R",7,4,4
0,1,7,4,"C",0,7,4,4
0,2,3,8,0,"T",7,4,4
0,3,5,3,"A",2,7,4,4
0,4,5,2,"E",9,7,4,4
0,4,8,1,1,"Z",7,4,4
0,5,0,8,6,"O",7,4,4
0,5,9,0,3,"I",7,4,4
0,7,4,1,1,"K",7,4,4
0,9,7,7,1,"C",7,4,4
0,3,7,3,8,"Z",7,4,4
0,4,2,5,6,"P",7,4,4
0,4,9,6,0,"R",7,4,4
0,5,7,6,5,"R",7,4,4
0,6,3,3,1,"R",7,4,4
0,7,8,0,4,"M",7,4,4
0,0,4,2,9,"S",7,4,4
0,1,3,3,"C",9,7,4,4
0,2,0,3,2,"X",7,4,4
0,2,0,3,3,"R",7,4,4
0,2,0,5,"A",3,7,4,4
0,2,2,3,9,"W",7,4,4
0,2,4,5,"A",0,7,4,4
0,2,4,8,8,"W",7,4,4
0,2,4,8,8,"X",7,4,4
0,2,5,1,8,"Z",7,4,4
0,2,5,1,"G",8,7,4,4
0,2,6,7,1,"R",7,4,4
0,2,7,2,4,"X",7,4,4
"A","V","K","W",9,2,7,4,4
0,2,8,1,"C",0,7,4,4
0,4,4,4,"A",8,7,4,4
0,4,5,9,"E",8,7,4,4
"A","V","L","R",2,5,7,4,4
0,5,1,3,2,"S",7,4,4
0,0,5,9,2,"P",7,4,4
0,4,5,9,8,"U",7,4,4
0,5,4,0,7,"Q",7,4,4
0,6,3,3,1,"O",7,4,4
0,6,3,8,0,"J",7,4,4
0,6,4,4,4,"Q",7,4,4
0,6,5,8,6,"U",7,4,4
0,7,4,4,0,"Q",7,4,4
0,0,6,1,"C",9,7,4,4
0,2,0,3,3,"S",7,4,4
0,2,0,3,3,"U",7,4,4
0,2,0,3,3,"W",7,4,4
0,2,0,7,0,"Y",7,4,4
0,2,4,8,8,"U",7,4,4
0,2,4,8,8,"V",7,4,4
0,2,5,1,"I",9,7,4,4
0,2,5,2,4,"Q",7,4,4
0,2,5,2,5,"V",7,4,4
0,2,5,3,8,"Q",7,4,4
0,2,6,7,2,"U",7,4,4
0,2,7,0,8,"X",7,4,4
0,2,7,1,7,"Z",7,4,4
"A","V","L","T","E",6,7,4,4
"A","V","L","U",5,"X",7,4,4
0,0,5,6,8,"T",7,4,4
0,5,4,2,6,"P",7,4,4
0,5,8,4,5,"X",7,4,4
0,7,8,0,0,"T",7,4,4
0,7,9,1,0,"Q",7,4,4
0,9,7,7,2,9,7,4,4
0,0,0,1,9,"R",7,4,4
0,0,7,4,"E",9,7,4,4
0,0,8,0,1,"U",7,4,4
0,0,9,8,"L",9,7,4,4
0,1,0,1,"G",6,7,4,4
0,1,0,6,"G",8,7,4,4
0,1,1,0,"D",7,7,4,4
0,1,0,9,"F",4,7,4,4
0,1,4,6,"E",8,7,4,4
0,2,0,2,6,"T",7,4,4
0,2,0,2,6,"U",7,4,4
0,2,0,3,2,"V",7,4,4
0,2,0,3,3,"V",7,4,4
0,2,4,8,8,"T",7,4,4
0,2,8,5,6,"X",7,4,4
0,2,9,4,"E",9,7,4,4
0,3,3,1,8,"S",7,4,4
0,3,5,6,"C",6,7,4,4
0,3,6,5,0,"V",7,4,4
0,5,4,0,7,7,7,4,4
0,7,7,6,3,"H",7,4,4
0,8,1,2,4,"G",7,4,4
0,0,7,1,3,"K",7,4,4
0,2,5,2,7,"L",7,4,4
0,9,9,7,2,4,7,4,4
0,3,5,9,5,"M",7,4,4
0,5,5,2,4,"R",7,4,4
0,5,5,3,5,"M",7,4,4
0,5,5,9,4,"N",7,4,4
0,5,6,1,9,"O",7,4,4
0,5,8,3,2,"M",7,4,4
0,7,1,4,5,"S",7,4,4
0,7,4,0,7,"Q",7,4,4
0,7,6,4,8,"R",7,4,4
0,8,4,3,7,"U",7,4,4
0,9,7,9,1,"A",7,4,4
0,0,3,4,0,"U",7,4,4
0,2,4,1,"C",1,7,4,4
0,2,4,2,"H",9,7,4,4
0,2,4,2,6,"L",7,4,4
0,2,4,2,6,"M",7,4,4
0,3,0,1,"D",7,7,4,4
0,3,6,3,"B",7,7,4,4
0,3,7,2,7,"O",7,4,4
0,4,5,2,"C",4,7,4,4
"A","V","M",0,"C","B",7,4,4
0,5,1,0,1,3,7,4,4
0,6,0,9,7,"B",7,4,4
0,9,8,2,9,"G",7,4,4
0,9,8,4,5,"C",7,4,4
0,9,8,9,1,"C",7,4,4
0,0,3,6,7,"V",7,4,4
0,4,3,4,8,"Q",7,4,4
0,4,3,9,2,"Z",7,4,4
0,4,5,8,7,"W",7,4,4
0,5,2,4,2,"X",7,4,4
0,6,5,3,5,"O",7,4,4
0,7,2,4,4,"R",7,4,4
0,7,2,9,3,"N",7,4,4
0,7,6,4,9,"J",7,4,4
0,9,6,8,4,"K",7,4,4
0,9,9,8,5,"C",7,4,4
0,9,9,8,6,"C",7,4,4
0,0,0,3,9,"O",7,4,4
0,0,2,1,1,"V",7,4,4
0,1,3,5,"C",1,7,4,4
0,1,6,9,0,"K",7,4,4
0,1,7,7,"C",5,7,4,4
0,1,7,7,"D",6,7,4,4
0,1,9,9,"B",5,7,4,4
0,2,4,3,"D",3,7,4,4
0,2,4,3,"D",4,7,4,4
0,2,4,4,8,"L",7,4,4
0,2,4,5,"C",6,7,4,4
0,2,4,7,"C",8,7,4,4
0,2,4,8,5,"S",7,4,4
0,2,4,8,"D",6,7,4,4
0,2,4,8,9,"Z",7,4,4
0,2,5,0,"B",1,7,4,4
0,2,5,4,0,"T",7,4,4
0,2,9,7,"B",6,7,4,4
0,3,0,0,5,"R",7,4,4
0,3,0,2,"C",6,7,4,4
0,3,0,2,"E",9,7,4,4
"A","V","L",9,"Y",7,7,4,4
0,4,2,3,7,"Z",7,4,4
"A","V","J","Y","S","U",7,4,4
"A","V","L","K","Y","C",7,4,4
"A","V","M",3,"K",3,7,4,4
0,4,9,9,4,"C",7,4,4
0,7,8,5,7,"H",7,4,4
0,7,9,6,9,"B",7,4,4
0,0,7,5,4,"S",7,4,4
0,2,1,6,0,"C",7,4,4
0,8,9,8,5,"P",7,4,4
0,9,5,6,6,"D",7,4,4
0,2,1,9,6,"S",7,4,4
0,2,3,9,7,"U",7,4,4
0,3,5,7,8,"V",7,4,4
0,3,5,8,0,"V",7,4,4
0,3,6,4,0,"P",7,4,4
0,5,2,4,1,"T",7,4,4
0,5,3,0,0,"U",7,4,4
0,5,5,0,3,"W",7,4,4
0,5,8,4,1,"H",7,4,4
0,5,9,3,5,"M",7,4,4
0,6,8,3,6,"M",7,4,4
0,7,1,2,"C",9,7,4,4
0,7,1,4,4,"K",7,4,4
0,7,3,0,3,"T",7,4,4
0,7,4,2,8,"S",7,4,4
0,7,8,0,2,"P",7,4,4
0,7,8,0,2,"S",7,4,4
0,7,8,0,3,"T",7,4,4
0,9,7,8,0,"J",7,4,4
0,0,3,3,2,"T",7,4,4
0,1,4,6,"D",6,7,4,4
0,1,5,5,2,"U",7,4,4
0,2,4,3,"I",9,7,4,4
0,2,4,6,7,"V",7,4,4
0,2,5,0,"B",5,7,4,4
0,2,7,0,8,"Y",7,4,4
0,2,7,2,5,"P",7,4,4
0,3,0,7,5,"Z",7,4,4
"A","V","L",4,"U",2,7,4,4
0,3,5,7,"C",7,7,4,4
"A","V","M",0,"B","G",7,4,4
"A","V","M",0,"B","J",7,4,4
"A","V","M",0,"B","Y",7,4,4
"A","V","M",0,"C",1,7,4,4
"A","V","M",0,"C",2,7,4,4
0,9,0,7,4,3,7,4,4
0,0,3,7,5,"E",7,4,4
0,0,9,2,5,"J",7,4,4
0,1,0,1,8,"B",7,4,4
0,1,8,7,4,"C",7,4,4
0,2,2,2,1,"B",7,4,4
0,3,1,7,2,"C",7,4,4
0,6,3,8,6,"F",7,4,4
0,6,5,6,3,"F",7,4,4
0,7,9,0,4,"A",7,4,4
0,9,8,7,9,"A",7,4,4
0,0,1,7,7,"N",7,4,4
0,1,4,5,9,"S",7,4,4
0,2,4,6,2,"V",7,4,4
0,5,5,1,6,"T",7,4,4
0,5,7,1,1,"Z",7,4,4
0,5,7,9,4,"K",7,4,4
0,5,8,6,9,"Y",7,4,4
"A","V","J",2,"Y",3,7,4,4
"A","V","J",2,"Y",4,7,4,4
0,6,7,4,6,"K",7,4,4
0,7,0,7,"A",6,7,4,4
0,7,7,9,5,"M",7,4,4
0,2,4,5,5,"V",7,4,4
0,2,5,2,5,"P",7,4,4
0,2,5,6,0,"Q",7,4,4
0,2,9,8,"B",5,7,4,4
0,3,0,0,1,"X",7,4,4
0,3,0,2,"D",6,7,4,4
0,3,0,8,"B",6,7,4,4
0,4,4,6,0,"Q",7,4,4
0,4,4,9,5,"R",7,4,4
0,4,4,9,5,"O",7,4,4
0,4,4,9,5,"P",7,4,4
0,5,0,6,"F",6,7,4,4
0,5,0,6,"F",7,7,4,4
0,5,1,6,"A",1,7,4,4
"A","V","M",5,"N",8,7,4,4
"A","V","M",5,"N",9,7,4,4
"A","V","M",5,"N","A",7,4,4
"A","V","M",5,"N","B",7,4,4
"A","V","M",5,"N","C",7,4,4
"A","V","M",5,"N","D",7,4,4
"A","V","M",6,"G",8,7,4,4
"A","V","M",6,"G","D",7,4,4
"A","V","M",6,"G","K",7,4,4
"A","V","M",6,"H",4,7,4,4
"A","V","M",6,"H",5,7,4,4
"A","V","M",6,"H",6,7,4,4
0,6,9,9,9,"D",7,4,4
0,6,8,1,5,"I",7,4,4
"A","V","D",2,"G","J",7,4,4
0,3,6,2,8,"P",7,4,4
0,4,3,4,8,"O",7,4,4
0,4,3,5,8,"S",7,4,4
0,4,3,7,2,"N",7,4,4
0,4,3,7,2,"P",7,4,4
0,4,3,9,2,"X",7,4,4
0,4,4,2,1,"J",7,4,4
0,4,5,1,6,"U",7,4,4
0,4,5,1,7,"L",7,4,4
0,4,5,8,7,"V",7,4,4
0,5,5,0,4,"V",7,4,4
0,5,7,6,4,"P",7,4,4
0,6,1,4,5,"U",7,4,4
0,6,8,9,1,"T",7,4,4
0,7,2,6,6,"S",7,4,4
0,7,8,0,0,"V",7,4,4
0,9,1,9,9,"S",7,4,4
0,9,7,0,6,"I",7,4,4
0,9,7,1,1,"J",7,4,4
0,1,0,2,3,"Z",7,4,4
0,2,0,4,0,"X",7,4,4
0,2,9,5,"C",7,7,4,4
0,3,2,2,"D",5,7,4,4
"A","V","M",0,"R",9,7,4,4
"A","V","M",0,"R","A",7,4,4
"A","V","M",0,"R","D",7,4,4
"A","V","M",0,"R","F",7,4,4
0,1,3,0,6,9,7,4,4
0,1,0,7,3,"C",7,4,4
0,3,8,2,6,"R",7,4,4
0,4,2,4,6,"Q",7,4,4
0,4,3,5,8,"T",7,4,4
0,4,5,8,6,"W",7,4,4
0,4,5,8,6,"X",7,4,4
0,5,4,2,4,"Q",7,4,4
0,5,5,0,7,"T",7,4,4
0,5,5,0,9,"X",7,4,4
0,6,5,3,3,"R",7,4,4
0,6,7,1,9,"I",7,4,4
0,7,0,7,"A",7,7,4,4
0,7,4,2,8,"M",7,4,4
0,7,4,6,9,"N",7,4,4
0,7,6,4,8,"Q",7,4,4
0,7,7,5,7,"M",7,4,4
0,9,1,0,9,"N",7,4,4
0,9,2,3,2,"H",7,4,4
0,9,6,6,1,"C",7,4,4
0,9,7,6,6,"K",7,4,4
0,9,7,8,8,"F",7,4,4
0,9,7,9,6,1,7,4,4
0,9,8,3,5,"L",7,4,4
0,9,8,4,3,"G",7,4,4
0,9,9,6,1,"P",7,4,4
0,0,3,4,2,"R",7,4,4
0,1,0,1,"B",3,7,4,4
0,2,4,7,5,"Z",7,4,4
0,2,4,7,"B",8,7,4,4
"A","V","M","A","C","B",7,4,4
0,9,8,5,3,"C",7,4,4
0,9,8,7,1,"A",7,4,4
0,4,3,4,8,"P",7,4,4
0,4,3,5,9,"J",7,4,4
0,4,4,3,7,"V",7,4,4
0,4,4,3,7,"X",7,4,4
0,4,5,7,8,"K",7,4,4
0,5,2,7,"A",9,7,4,4
0,5,3,5,4,"O",7,4,4
0,5,3,9,1,"U",7,4,4
0,5,4,2,5,"L",7,4,4
0,5,4,5,4,"I",7,4,4
0,5,4,8,3,"X",7,4,4
0,5,5,1,8,"R",7,4,4
0,7,4,0,4,"Q",7,4,4
0,9,3,0,1,8,7,4,4
0,9,8,6,8,"O",7,4,4
0,9,8,8,6,"G",7,4,4
0,0,1,1,1,"P",7,4,4
0,0,2,0,2,"O",7,4,4
0,1,1,8,1,"Y",7,4,4
0,2,4,1,"C",2,7,4,4
0,2,4,4,8,"N",7,4,4
0,2,4,4,6,"V",7,4,4
0,2,4,7,2,"U",7,4,4
0,2,6,4,1,"S",7,4,4
0,2,9,8,"A",8,7,4,4
"A","V","M",0,"C",5,7,4,4
0,3,7,7,2,0,7,4,4
0,1,2,7,4,"F",7,4,4
0,8,0,1,6,"D",7,4,4
0,1,0,3,5,"R",7,4,4
0,9,2,9,5,1,7,4,4
0,9,6,7,9,"A",7,4,4
0,9,8,6,6,"A",7,4,4
0,5,2,0,2,"Q",7,4,4
0,5,4,0,3,"J",7,4,4
0,5,6,2,4,"I",7,4,4
0,5,7,0,8,"W",7,4,4
0,7,7,9,8,"O",7,4,4
0,7,8,0,4,"L",7,4,4
0,9,8,0,6,"H",7,4,4
0,0,1,1,4,"N",7,4,4
0,0,2,0,2,"N",7,4,4
0,0,5,1,6,"Y",7,4,4
0,0,8,6,0,"X",7,4,4
0,2,4,2,"J",7,7,4,4
0,2,4,2,7,"R",7,4,4
0,2,4,5,5,"U",7,4,4
0,2,5,1,"G",6,7,4,4
0,3,2,6,3,"W",7,4,4
0,4,5,3,0,"Z",7,4,4
0,4,7,6,0,"S",7,4,4
0,5,1,5,"A",3,7,4,4
0,1,0,3,6,"F",7,4,4
0,7,3,3,7,"E",7,4,4
0,7,5,3,9,"E",7,4,4
0,1,1,6,5,"L",7,4,4
0,1,2,2,7,"L",7,4,4
0,4,2,9,3,"C",7,4,4
0,3,2,6,3,"N",7,4,4
0,4,5,8,6,"Z",7,4,4
0,5,1,9,8,"U",7,4,4
0,5,2,2,8,"Y",7,4,4
0,5,6,6,8,"L",7,4,4
0,5,7,9,4,"L",7,4,4
0,5,9,3,5,"N",7,4,4
0,7,1,4,3,"T",7,4,4
0,9,6,4,3,"I",7,4,4
0,9,7,1,1,"G",7,4,4
0,9,7,0,7,"S",7,4,4
0,9,7,5,6,"G",7,4,4
0,9,7,9,2,"F",7,4,4
0,9,8,4,5,"F",7,4,4
0,1,0,9,"G",4,7,4,4
0,1,3,4,6,"Z",7,4,4
0,2,0,5,0,"S",7,4,4
0,2,4,2,"I",8,7,4,4
0,2,5,1,"F",9,7,4,4
"A","V","M",0,"A","F",7,4,4
"A","V","M",0,"A","G",7,4,4
"A","V","M",6,"X","U",7,4,4
"A","V","M",7,"L","M",7,4,4
"A","V","M",9,"U",6,7,4,4
0,1,9,2,2,"P",7,4,4
0,5,3,1,"A",6,7,4,4
0,5,3,2,9,"V",7,4,4
0,5,3,3,7,"N",7,4,4
0,5,3,3,7,"W",7,4,4
0,5,3,3,8,"O",7,4,4
0,5,3,8,"A",6,7,4,4
0,5,4,7,9,"T",7,4,4
0,5,4,8,0,"U",7,4,4
0,5,9,9,3,"K",7,4,4
0,6,3,3,5,"X",7,4,4
0,6,3,4,4,"Q",7,4,4
0,6,5,6,1,"Y",7,4,4
0,7,1,0,9,"S",7,4,4
0,7,3,6,4,"T",7,4,4
0,7,6,1,9,"P",7,4,4
0,7,6,9,4,"F",7,4,4
0,7,8,8,4,"N",7,4,4
0,0,3,9,8,"W",7,4,4
0,0,8,0,2,"W",7,4,4
0,1,7,5,"A",1,7,4,4
0,2,1,4,"B",4,7,4,4
0,2,1,5,"A",0,7,4,4
0,3,1,1,2,"P",7,4,4
0,3,4,7,"D",9,7,4,4
0,4,8,6,2,"T",7,4,4
0,4,8,8,5,"R",7,4,4
"A","V","M",6,"A",9,7,4,4
"A","V","M",7,"L","D",7,4,4
0,2,7,4,0,"J",7,4,4
0,5,2,9,4,"U",7,4,4
0,5,2,9,4,"W",7,4,4
0,5,3,1,9,"V",7,4,4
0,5,3,1,9,"X",7,4,4
0,5,3,3,0,"U",7,4,4
0,5,3,3,7,"O",7,4,4
0,5,3,3,7,"T",7,4,4
0,5,3,3,8,"V",7,4,4
0,5,3,3,9,"P",7,4,4
0,5,3,6,8,"T",7,4,4
0,5,3,9,9,"P",7,4,4
0,5,5,0,2,"U",7,4,4
0,5,5,0,"A",7,7,4,4
0,5,5,3,3,"V",7,4,4
0,5,6,9,"D",7,7,4,4
0,6,0,2,5,"L",7,4,4
0,6,1,2,9,"N",7,4,4
0,6,4,3,1,"K",7,4,4
0,6,4,4,8,"Y",7,4,4
0,6,9,4,4,"Q",7,4,4
0,7,2,5,4,"O",7,4,4
0,7,6,9,4,"G",7,4,4
0,7,9,1,9,"U",7,4,4
0,0,4,9,6,"R",7,4,4
0,1,1,0,"C",5,7,4,4
0,1,4,3,6,"Z",7,4,4
0,2,2,1,4,"Z",7,4,4
0,3,7,5,6,"I",7,4,4
0,1,1,7,6,"L",7,4,4
0,4,3,6,5,"G",7,4,4
0,4,7,1,8,"M",7,4,4
0,4,7,9,9,"L",7,4,4
0,6,0,9,4,"M",7,4,4
0,3,2,8,1,"O",7,4,4
0,3,2,8,5,"P",7,4,4
0,3,2,8,7,"Z",7,4,4
0,4,3,6,1,"M",7,4,4
0,4,6,7,9,"U",7,4,4
0,5,2,4,3,"S",7,4,4
0,5,3,0,0,"V",7,4,4
0,5,5,0,1,"W",7,4,4
0,6,0,0,2,"I",7,4,4
0,6,4,0,9,"R",7,4,4
0,6,4,5,6,"X",7,4,4
0,6,8,8,"C",9,7,4,4
0,8,9,2,0,"C",7,4,4
0,9,0,3,1,"O",7,4,4
0,9,6,5,2,"K",7,4,4
0,9,7,8,6,"B",7,4,4
0,9,9,4,3,"F",7,4,4
0,0,0,4,5,"S",7,4,4
0,2,1,4,"E",8,7,4,4
"A","V","K","B","C","Y",7,4,4
0,5,1,8,7,"T",7,4,4
0,7,3,5,9,"H",7,4,4
0,5,2,7,2,"R",7,4,4
0,5,3,2,0,"X",7,4,4
0,5,3,1,"A",7,7,4,4
0,5,3,2,"C",6,7,4,4
0,5,3,2,"D",8,7,4,4
0,5,3,3,6,"R",7,4,4
0,5,3,3,6,"S",7,4,4
0,5,3,3,6,"X",7,4,4
0,5,3,3,6,"Y",7,4,4
0,5,3,3,8,"U",7,4,4
0,5,3,8,1,"U",7,4,4
0,5,3,9,8,"W",7,4,4
0,5,4,0,0,"W",7,4,4
0,5,5,0,1,"V",7,4,4
0,5,7,0,5,"O",7,4,4
0,5,9,9,1,"M",7,4,4
0,6,2,6,6,"O",7,4,4
0,6,9,4,5,"S",7,4,4
0,2,5,6,0,"U",7,4,4
0,2,5,6,"B",8,7,4,4
0,4,0,0,9,"Y",7,4,4
0,4,0,1,"C",7,7,4,4
0,4,3,1,2,"U",7,4,4
0,4,3,9,7,"R",7,4,4
0,4,4,4,8,"L",7,4,4
0,4,4,6,8,"T",7,4,4
0,4,5,0,0,"X",7,4,4
0,4,5,4,"A",8,7,4,4
0,4,5,5,5,"P",7,4,4
0,2,6,5,9,"D",7,4,4
0,0,9,8,4,"Q",7,4,4
0,1,9,4,8,"K",7,4,4
0,2,6,7,3,"P",7,4,4
0,2,7,2,8,"K",7,4,4
0,7,2,5,1,"O",7,4,4
0,3,2,8,1,"R",7,4,4
0,3,2,8,1,"V",7,4,4
0,3,7,4,4,"P",7,4,4
0,4,3,6,0,"S",7,4,4
0,4,3,8,7,"P",7,4,4
0,6,1,4,8,"U",7,4,4
0,7,1,2,6,"U",7,4,4
0,7,3,6,7,"T",7,4,4
0,9,3,9,1,"F",7,4,4
0,0,2,1,6,"V",7,4,4
0,2,1,4,"F",7,7,4,4
0,2,6,6,8,"P",7,4,4
0,2,6,7,0,"R",7,4,4
"A","V","M",2,4,"C",7,4,4
"A","V","M",2,4,"D",7,4,4
0,5,9,9,7,"H",7,4,4
0,3,2,5,3,"V",7,4,4
0,3,2,7,8,"X",7,4,4
0,3,3,1,7,"N",7,4,4
0,3,3,5,4,"P",7,4,4
0,3,3,6,6,7,7,4,4
0,3,7,4,7,"R",7,4,4
0,3,7,4,8,"N",7,4,4
0,5,7,4,1,"P",7,4,4
0,6,5,9,6,"X",7,4,4
0,7,0,9,1,"W",7,4,4
0,7,2,4,3,"Y",7,4,4
0,8,4,3,5,"V",7,4,4
0,3,1,1,2,"H",7,4,4
0,3,1,2,0,"P",7,4,4
0,3,2,3,2,"R",7,4,4
0,3,4,6,"F",7,7,4,4
0,3,5,1,2,"W",7,4,4
0,3,6,1,"F",7,7,4,4
0,3,6,6,9,"W",7,4,4
0,3,6,7,0,"M",7,4,4
0,3,6,7,5,"Q",7,4,4
0,3,7,3,"B",1,7,4,4
0,3,7,5,"C",0,7,4,4
0,3,7,5,"B",3,7,4,4
0,3,7,6,6,"U",7,4,4
0,3,7,6,"E",4,7,4,4
0,3,7,6,"C",5,7,4,4
0,3,7,9,1,"Q",7,4,4
0,3,7,9,2,"Y",7,4,4
0,3,8,0,2,"T",7,4,4
0,3,8,1,1,"Z",7,4,4
0,3,9,1,1,"Z",7,4,4
0,4,0,0,"B",6,7,4,4
0,4,0,1,2,"R",7,4,4
0,4,0,0,"B",5,7,4,4
0,4,0,0,"C",9,7,4,4
0,4,0,2,"B",7,7,4,4
0,4,2,8,7,"T",7,4,4
0,4,3,7,7,"X",7,4,4
0,4,5,9,7,"Q",7,4,4
"A","V","M",4,"R","V",7,4,4
"A","V","M",4,"R","W",7,4,4
"A","V","M",4,"S",2,7,4,4
0,4,8,7,3,"M",7,4,4
0,3,2,5,5,"P",7,4,4
0,3,2,8,2,"S",7,4,4
0,3,7,3,0,"S",7,4,4
0,3,7,3,1,"P",7,4,4
0,3,7,3,1,"V",7,4,4
0,3,7,3,"B",6,7,4,4
0,3,7,4,8,"L",7,4,4
0,3,8,8,3,"O",7,4,4
0,4,3,9,3,"P",7,4,4
0,4,3,9,4,"D",7,4,4
0,4,4,2,1,"K",7,4,4
0,5,3,2,1,"Y",7,4,4
0,5,4,0,2,"Q",7,4,4
0,5,4,0,4,"L",7,4,4
0,5,5,5,8,"X",7,4,4
0,5,5,5,9,"R",7,4,4
0,5,5,7,7,"P",7,4,4
0,5,5,7,7,"S",7,4,4
0,5,5,7,9,"U",7,4,4
0,5,5,7,9,"V",7,4,4
0,5,5,8,0,"V",7,4,4
0,5,5,8,0,"W",7,4,4
0,5,6,9,2,"S",7,4,4
0,5,9,5,8,"N",7,4,4
0,6,8,7,7,"S",7,4,4
0,6,8,7,8,"V",7,4,4
0,0,0,5,2,"R",7,4,4
0,0,8,6,1,"Z",7,4,4
0,1,6,7,4,"X",7,4,4
0,2,3,9,1,"M",7,4,4
0,3,0,9,"H",9,7,4,4
0,3,1,1,2,"N",7,4,4
0,3,2,0,4,"Y",7,4,4
0,2,1,6,3,"F",7,4,4
0,5,2,9,4,"N",7,4,4
0,5,3,2,7,"T",7,4,4
0,5,3,3,6,"W",7,4,4
0,5,3,3,8,"Q",7,4,4
0,5,3,3,8,"T",7,4,4
0,5,3,3,8,"X",7,4,4
0,5,3,8,1,"Z",7,4,4
0,5,3,8,"A",8,7,4,4
0,5,3,9,9,"Q",7,4,4
0,5,4,7,9,"V",7,4,4
0,5,5,0,"A",9,7,4,4
0,5,5,0,2,"W",7,4,4
0,6,1,1,9,"O",7,4,4
0,6,1,5,7,"O",7,4,4
0,6,3,3,5,"Y",7,4,4
0,7,0,6,3,"U",7,4,4
0,7,6,0,1,"R",7,4,4
0,7,7,5,5,"P",7,4,4
0,8,0,8,8,"X",7,4,4
0,0,3,0,"D",9,7,4,4
0,0,9,0,"M",8,7,4,4
0,1,1,1,"H",7,7,4,4
0,1,4,7,"A",4,7,4,4
0,1,6,6,0,"W",7,4,4
0,1,7,4,"A",4,7,4,4
"A","V","K","J","V",7,7,4,4
"A","V","K","L","A","N",7,4,4
0,2,4,4,"E",7,7,4,4
0,2,4,4,"D",8,7,4,4
0,3,2,4,8,"P",7,4,4
0,4,1,1,"A",2,7,4,4
0,0,4,9,3,"M",7,4,4
0,0,8,0,5,"T",7,4,4
0,0,8,1,4,"M",7,4,4
0,1,1,5,4,"P",7,4,4
0,2,4,6,1,"Q",7,4,4
0,3,2,0,6,"S",7,4,4
0,3,2,6,5,"U",7,4,4
0,3,7,0,"A",9,7,4,4
0,3,7,3,8,"W",7,4,4
0,3,7,3,9,"S",7,4,4
0,3,7,4,7,"Q",7,4,4
0,3,7,4,7,"Y",7,4,4
0,3,7,4,8,"S",7,4,4
0,3,8,0,3,"I",7,4,4
0,5,2,5,7,"X",7,4,4
0,5,3,2,"C",9,7,4,4
0,5,3,3,8,"P",7,4,4
0,5,3,9,8,"V",7,4,4
0,5,6,0,9,"P",7,4,4
0,5,6,9,"B",8,7,4,4
0,5,7,7,4,"T",7,4,4
0,6,3,5,3,"O",7,4,4
0,6,9,3,2,"Z",7,4,4
0,7,7,9,5,"O",7,4,4
0,9,8,3,5,"N",7,4,4
0,9,8,4,5,"J",7,4,4
0,0,0,0,1,"P",7,4,4
0,2,7,1,"C",8,7,4,4
0,2,6,0,6,"E",7,4,4
0,6,0,7,4,"I",7,4,4
0,7,9,0,9,"D",7,4,4
0,0,3,7,2,"Q",7,4,4
0,4,8,3,9,"P",7,4,4
0,7,3,9,3,"J",7,4,4
0,3,2,5,3,"T",7,4,4
0,3,2,8,2,"R",7,4,4
0,3,2,8,"A",9,7,4,4
0,3,2,8,7,"X",7,4,4
0,3,3,6,3,"W",7,4,4
0,3,3,6,6,"O",7,4,4
0,3,7,3,0,"R",7,4,4
0,3,7,3,0,"T",7,4,4
0,4,6,2,8,"T",7,4,4
0,4,8,0,4,"V",7,4,4
0,5,3,2,2,"Z",7,4,4
0,5,3,1,9,"Z",7,4,4
0,5,3,5,3,"S",7,4,4
0,5,3,7,4,"W",7,4,4
0,5,5,7,7,"M",7,4,4
0,5,8,5,0,"V",7,4,4
0,6,4,7,8,"I",7,4,4
0,6,8,7,9,"U",7,4,4
0,6,8,7,7,"T",7,4,4
0,7,7,9,6,"N",7,4,4
0,7,7,9,6,"Q",7,4,4
0,9,9,9,1,"I",7,4,4
0,9,9,9,1,"J",7,4,4
0,0,3,4,3,"U",7,4,4
0,2,1,6,3,"T",7,4,4
0,2,1,6,3,"R",7,4,4
0,2,6,6,8,"L",7,4,4
0,2,7,0,3,"R",7,4,4
0,2,7,0,9,"O",7,4,4
0,2,7,2,"C",2,7,4,4
0,3,0,9,"D",8,7,4,4
0,3,0,9,"G",9,7,4,4
0,3,1,1,2,"I",7,4,4
0,4,8,2,"C",9,7,4,4
"A","V","L","V","M","A",7,4,4
"A","V","M",3,"L","D",7,4,4
"A","V","M",3,"L","J",7,4,4
"A","V","M",3,"L","N",7,4,4
"A","V","M",3,"L","P",7,4,4
"A","V","M",3,"L","R",7,4,4
"A","V","M",3,"L","S",7,4,4
"A","V","M",3,"L","T",7,4,4
"A","V","M",3,"L","V",7,4,4
"A","V","M",3,"L","W",7,4,4
"A","V","M",3,"L","Y",7,4,4
"A","V","M",3,"M",1,7,4,4
0,5,2,4,2,"W",7,4,4
0,5,2,5,8,"S",7,4,4
0,5,3,0,8,"Z",7,4,4
0,5,3,2,"E",7,7,4,4
0,5,3,9,9,"O",7,4,4
0,5,4,2,2,"P",7,4,4
0,5,5,0,1,"T",7,4,4
0,6,3,3,2,"N",7,4,4
0,7,1,7,"A",9,7,4,4
0,7,1,9,0,"T",7,4,4
0,0,0,0,1,"N",7,4,4
0,0,0,0,1,"R",7,4,4
0,0,0,1,3,"R",7,4,4
0,2,0,3,"A",5,7,4,4
0,2,1,4,"B",5,7,4,4
0,2,1,4,"J",7,7,4,4
0,2,7,0,9,"N",7,4,4
0,2,7,0,9,"Q",7,4,4
0,3,0,8,8,"X",7,4,4
0,3,0,8,8,"Y",7,4,4
0,3,1,2,0,"Q",7,4,4
0,4,0,0,2,"V",7,4,4
0,4,0,6,"E",9,7,4,4
0,5,1,1,2,"X",7,4,4
0,5,1,6,3,"Z",7,4,4
0,0,5,1,9,"P",7,4,4
0,0,6,4,5,"P",7,4,4
0,1,3,2,9,"O",7,4,4
0,1,9,7,0,"M",7,4,4
0,1,6,1,8,"M",7,4,4
0,2,5,4,1,"O",7,4,4
0,2,7,2,1,"O",7,4,4
0,2,3,8,0,"N",7,4,4
0,2,4,8,4,"N",7,4,4
0,3,2,6,6,"S",7,4,4
0,4,3,8,7,"N",7,4,4
0,4,6,0,1,"P",7,4,4
0,4,6,0,8,"V",7,4,4
0,5,2,7,1,"U",7,4,4
0,5,4,0,6,"P",7,4,4
0,5,4,1,4,"R",7,4,4
0,5,5,0,1,"Z",7,4,4
0,5,6,5,3,"O",7,4,4
0,5,7,3,2,"M",7,4,4
0,6,8,7,7,"L",7,4,4
0,6,8,7,8,"Y",7,4,4
0,7,7,9,6,"O",7,4,4
0,7,8,2,5,"W",7,4,4
0,9,8,3,8,"S",7,4,4
0,9,8,6,0,"I",7,4,4
0,9,8,4,8,"A",7,4,4
0,0,3,4,3,"W",7,4,4
0,1,9,8,5,"P",7,4,4
0,2,1,6,3,"U",7,4,4
0,2,7,1,9,"Z",7,4,4
0,3,4,8,6,"H",7,4,4
0,3,5,6,"G",5,7,4,4
0,4,6,0,1,"N",7,4,4
0,9,9,1,4,9,7,4,4
0,3,2,2,6,"X",7,4,4
0,3,2,4,5,"T",7,4,4
0,6,4,5,5,"U",7,4,4
0,8,5,8,9,"T",7,4,4
0,9,5,0,1,"G",7,4,4
0,9,7,4,5,"H",7,4,4
0,9,9,4,5,"B",7,4,4
0,0,0,0,3,"N",7,4,4
0,0,3,3,1,"V",7,4,4
0,0,9,2,"D",0,7,4,4
0,1,0,1,"B",5,7,4,4
0,1,0,8,"A",0,7,4,4
0,1,1,7,6,"Z",7,4,4
0,1,2,6,"D",9,7,4,4
0,1,3,1,1,"P",7,4,4
0,1,3,1,1,"O",7,4,4
0,1,3,5,"D",9,7,4,4
0,1,4,1,9,"R",7,4,4
0,1,4,9,0,"X",7,4,4
0,1,4,9,7,"Z",7,4,4
0,1,4,6,"D",2,7,4,4
0,1,6,6,"D",8,7,4,4
0,1,7,2,"C",3,7,4,4
0,1,8,0,"F",8,7,4,4
0,1,9,4,6,"Z",7,4,4
0,2,3,9,0,"P",7,4,4
0,3,4,1,"B",7,7,4,4
0,4,4,8,7,"P",7,4,4
0,5,1,2,5,"U",7,4,4
0,5,1,3,"F",9,7,4,4
0,5,1,6,4,"N",7,4,4
0,5,1,7,"B",7,7,4,4
0,5,1,9,"C",3,7,4,4
"A","V","K","N","A","H",7,4,4
0,4,1,5,6,"F",7,4,4
0,8,7,2,6,"M",7,4,4
0,9,8,6,3,"E",7,4,4
0,0,1,5,9,"K",7,4,4
0,1,6,9,1,"L",7,4,4
0,2,9,1,4,"U",7,4,4
0,3,0,9,8,"L",7,4,4
0,3,2,1,0,"S",7,4,4
0,3,9,6,5,"Z",7,4,4
0,5,0,7,0,"N",7,4,4
0,6,2,6,"B",8,7,4,4
0,6,4,5,"C",8,7,4,4
0,9,4,6,7,"Q",7,4,4
0,0,5,5,"G",7,7,4,4
0,1,0,6,"D",0,7,4,4
0,1,1,6,3,"T",7,4,4
0,1,7,7,"C",1,7,4,4
0,4,1,0,1,"Y",7,4,4
0,4,3,8,5,"W",7,4,4
0,5,1,6,1,"U",7,4,4
"A","V","L","N","R","F",7,4,4
0,7,3,4,0,"A",7,4,4
0,8,9,2,7,8,7,4,4
0,3,9,1,0,"K",7,4,4
0,4,1,8,5,"T",7,4,4
0,4,4,6,2,"M",7,4,4
0,5,2,8,5,"I",7,4,4
0,8,2,7,5,"N",7,4,4
0,8,6,2,6,"B",7,4,4
0,3,2,7,7,"Y",7,4,4
0,3,2,8,2,"W",7,4,4
0,4,7,0,"B",8,7,4,4
0,6,5,4,7,"N",7,4,4
0,6,6,9,8,"R",7,4,4
0,7,8,0,6,"M",7,4,4
0,8,4,5,9,"X",7,4,4
0,9,2,3,1,"Q",7,4,4
0,9,8,5,3,"N",7,4,4
0,0,0,0,2,"J",7,4,4
0,0,5,1,"K",9,7,4,4
0,0,7,1,"F",7,7,4,4
0,1,3,0,"F",8,7,4,4
0,1,4,5,0,"U",7,4,4
0,1,8,6,5,"W",7,4,4
0,1,8,7,"E",8,7,4,4
0,1,9,2,9,"X",7,4,4
0,2,3,9,1,"P",7,4,4
0,2,3,9,1,"Q",7,4,4
0,2,4,5,5,"W",7,4,4
0,2,8,1,"B",5,7,4,4
0,3,0,1,"D",4,7,4,4
0,4,0,5,"F",6,7,4,4
0,4,2,8,4,"X",7,4,4
0,4,2,8,9,"W",7,4,4
0,4,6,8,4,"I",7,4,4
0,4,8,0,"C",9,7,4,4
0,4,8,1,"B",1,7,4,4
0,4,8,1,"D",1,7,4,4
0,4,8,6,2,"S",7,4,4
0,5,0,0,3,"M",7,4,4
0,5,0,2,9,"O",7,4,4
0,5,0,7,4,"V",7,4,4
0,5,0,8,4,"O",7,4,4
0,5,1,0,"B",8,7,4,4
0,5,1,0,"B",7,7,4,4
0,5,1,0,8,"W",7,4,4
0,5,1,1,2,"U",7,4,4
0,5,1,1,"B",6,7,4,4
0,5,1,3,"A",1,7,4,4
0,5,1,3,"E",6,7,4,4
0,5,1,4,3,"X",7,4,4
0,5,1,4,3,"Z",7,4,4
0,5,1,4,1,"O",7,4,4
0,5,1,4,"C",9,7,4,4
0,5,1,4,"B",8,7,4,4
0,5,1,6,"E",6,7,4,4
0,5,1,6,5,"Z",7,4,4
0,5,1,7,0,"Z",7,4,4
0,5,1,6,4,"P",7,4,4
0,5,1,7,"A",7,7,4,4
0,5,1,6,8,"W",7,4,4
0,5,1,6,"E",9,7,4,4
0,5,1,7,1,"P",7,4,4
0,5,1,7,"C",5,7,4,4
0,5,1,7,"B",3,7,4,4
0,5,1,7,"D",4,7,4,4
0,5,1,7,"C",3,7,4,4
0,5,1,8,8,"T",7,4,4
0,5,1,9,"D",5,7,4,4
0,5,1,9,"B",2,7,4,4
0,5,1,9,"C",4,7,4,4
0,5,1,9,"F",6,7,4,4
0,5,1,9,"D",7,7,4,4
0,5,1,9,"I",8,7,4,4
0,5,1,9,"D",4,7,4,4
0,5,1,9,"I",7,7,4,4
0,5,1,9,9,"X",7,4,4
0,5,2,0,1,"Z",7,4,4
0,5,2,0,2,"V",7,4,4
0,5,2,1,2,"T",7,4,4
0,5,2,2,"F",8,7,4,4
0,8,7,1,5,"F",7,4,4
0,1,0,1,5,"M",7,4,4
0,4,3,2,6,"L",7,4,4
0,4,3,2,7,"I",7,4,4
0,6,0,9,5,"L",7,4,4
0,9,9,8,8,"A",7,4,4
0,8,5,1,7,"N",7,4,4
"C","V","H","K","S","S","C","A",3
0,4,2,2,5,"M",7,4,4
0,4,2,2,5,"N",7,4,4
0,4,6,5,4,"X",7,4,4
0,5,8,6,9,"Z",7,4,4
0,6,5,4,"E",9,7,4,4
0,6,5,4,7,"O",7,4,4
0,6,9,3,0,"P",7,4,4
0,7,1,7,4,"K",7,4,4
0,7,6,0,9,"R",7,4,4
0,9,3,8,0,"E",7,4,4
0,9,4,4,6,"M",7,4,4
0,9,8,6,1,"E",7,4,4
0,0,3,0,6,"V",7,4,4
"A","V","K",3,"B","S",7,4,4
0,0,4,7,8,"Y",7,4,4
0,0,4,7,8,"X",7,4,4
0,0,8,9,7,"V",7,4,4
0,0,9,3,"D",2,7,4,4
0,1,0,7,4,"Y",7,4,4
0,1,1,2,5,"X",7,4,4
"A","V","K","D","H","X",7,4,4
"A","V","K","E",4,"P",7,4,4
0,2,0,1,2,"U",7,4,4
0,2,0,1,"E",6,7,4,4
0,2,0,7,3,"Z",7,4,4
"A","V","K","N","C",9,7,4,4
0,2,3,3,3,"S",7,4,4
0,2,4,2,"F",8,7,4,4
0,2,4,2,7,"W",7,4,4
0,2,7,2,"F",6,7,4,4
0,2,8,8,1,"Z",7,4,4
0,2,9,7,"B",7,7,4,4
0,3,0,1,"G",9,7,4,4
0,3,0,1,"B",2,7,4,4
0,3,0,1,9,"Z",7,4,4
0,3,0,7,3,"Z",7,4,4
0,3,4,7,"E",5,7,4,4
0,3,8,0,7,"W",7,4,4
0,4,7,9,"C",5,7,4,4
0,4,9,6,"C",4,7,4,4
0,4,9,7,"G",9,7,4,4
0,5,0,1,2,"U",7,4,4
0,5,0,7,"F",6,7,4,4
0,5,0,7,"E",5,7,4,4
0,5,0,8,5,"Q",7,4,4
0,5,1,1,"C",9,7,4,4
0,5,1,3,1,"S",7,4,4
0,5,1,3,"B",0,7,4,4
0,5,1,6,8,"Y",7,4,4
0,5,2,0,"B",6,7,4,4
"A","V","L","Y","E","K",7,4,4
"A","V","M",5,"B",3,7,4,4
"A","V","M",5,"B",4,7,4,4
0,1,1,1,5,"R",7,4,4
"A","V","H","U",2,"G",7,4,4
"A","V","H","W","A","C",7,4,4
0,6,3,9,1,"T",7,4,4
0,6,5,4,8,"O",7,4,4
0,7,1,9,2,"W",7,4,4
0,9,3,6,5,"J",7,4,4
0,9,4,5,8,"J",7,4,4
0,0,4,3,4,"Y",7,4,4
0,1,0,1,"H",9,7,4,4
0,1,7,7,"H",7,7,4,4
0,2,4,2,9,"Y",7,4,4
0,2,4,4,"C",5,7,4,4
0,2,4,5,5,"Y",7,4,4
0,2,4,7,"E",9,7,4,4
0,2,5,1,9,"W",7,4,4
0,2,5,1,9,"X",7,4,4
0,2,5,2,5,"W",7,4,4
0,2,5,5,0,"W",7,4,4
0,2,6,7,4,"V",7,4,4
"A","V","K","Y","F","F",7,4,4
0,3,3,5,4,"W",7,4,4
0,3,6,5,1,"Y",7,4,4
0,3,7,2,8,"M",7,4,4
0,3,7,2,8,"N",7,4,4
0,3,7,7,"B",3,7,4,4
0,3,8,0,5,"S",7,4,4
0,5,1,6,2,"U",7,4,4
7,6,1,0,4,9,7,4,4
0,6,2,8,2,7,7,4,4
0,9,0,3,5,9,7,4,4
0,9,0,2,8,4,7,4,4
0,2,3,2,1,"F",7,4,4
0,2,4,9,2,"A",7,4,4
0,4,3,4,2,"A",7,4,4
0,5,4,0,5,"G",7,4,4
0,5,6,0,0,"I",7,4,4
0,6,6,1,5,"F",7,4,4
0,7,6,2,9,"B",7,4,4
0,7,9,8,0,"E",7,4,4
0,9,2,0,2,"C",7,4,4
0,9,4,1,5,7,7,4,4
0,1,9,9,5,"L",7,4,4
0,2,0,3,4,"P",7,4,4
0,3,2,4,7,"M",7,4,4
0,3,2,6,0,"T",7,4,4
0,3,9,2,8,"P",7,4,4
0,5,3,9,7,"N",7,4,4
0,6,0,0,7,"O",7,4,4
0,1,8,6,9,"X",7,4,4
0,3,4,2,5,"U",7,4,4
0,3,5,0,"F",9,7,4,4
0,4,4,7,6,"N",7,4,4
"A","V","L","T","E",7,7,4,4
"A","V","M",2,"E",2,7,4,4
"A","V","M",2,"E",3,7,4,4
"A","V","M",2,"E",5,7,4,4
"A","V","M",2,"E",6,7,4,4
"A","V","M",2,"E",7,7,4,4
"A","V","M",2,"E",8,7,4,4
"A","V","M",2,"E",9,7,4,4
"A","V","M",2,"E","A",7,4,4
"A","V","M",2,"E","B",7,4,4
"A","V","M",2,"E","D",7,4,4
"A","V","M",2,"E","E",7,4,4
"A","V","M",2,"E","F",7,4,4
"A","V","M",2,"E","G",7,4,4
0,0,6,2,9,"B",7,4,4
0,2,2,2,1,"A",7,4,4
0,2,4,5,0,"C",7,4,4
0,3,4,9,5,"C",7,4,4
0,6,8,7,9,"A",7,4,4
0,8,3,6,1,"A",7,4,4
0,9,0,4,2,"E",7,4,4
0,9,1,6,3,"D",7,4,4
0,0,9,4,7,"K",7,4,4
0,1,0,0,7,"N",7,4,4
"A","V","D",4,"S","W",7,4,4
0,3,8,3,3,"K",7,4,4
0,7,8,1,8,"H",7,4,4
0,3,3,6,4,"S",7,4,4
0,3,7,7,9,"M",7,4,4
0,4,3,7,2,"U",7,4,4
0,4,9,3,4,"U",7,4,4
0,5,8,9,9,"Y",7,4,4
0,7,1,3,9,"Z",7,4,4
0,7,9,1,0,"V",7,4,4
0,9,3,8,0,"M",7,4,4
0,0,3,2,4,"V",7,4,4
0,3,2,2,"C",1,7,4,4
"A","V","M",1,4,"D",7,4,4
"A","V","M",1,4,"E",7,4,4
"A","V","M",1,4,"F",7,4,4
"A","V","M",1,4,"G",7,4,4
0,6,5,9,6,"C",7,4,4
0,7,0,1,6,"G",7,4,4
0,3,2,7,1,"Y",7,4,4
0,3,2,7,2,"R",7,4,4
0,3,3,3,5,"N",7,4,4
0,3,3,4,0,"T",7,4,4
0,3,5,8,8,"N",7,4,4
0,3,7,3,3,"P",7,4,4
0,3,8,1,9,"P",7,4,4
0,4,3,2,"A",9,7,4,4
0,4,4,3,7,"U",7,4,4
0,4,5,8,7,"T",7,4,4
0,4,5,8,7,"U",7,4,4
0,4,6,2,7,"L",7,4,4
0,5,4,0,9,"T",7,4,4
0,6,8,5,9,"V",7,4,4
0,0,8,2,"A",3,7,4,4
0,1,0,9,"I",6,7,4,4
0,2,4,1,"D",5,7,4,4
0,2,4,2,"H",8,7,4,4
0,2,4,3,0,"Y",7,4,4
0,2,4,3,"B",5,7,4,4
0,3,6,7,0,"N",7,4,4
"A","V","L","N","S","C",7,4,4
"A","V","L","Y","V","U",7,4,4
"A","V","L","Y","V","V",7,4,4
"A","V","L","Y","V","W",7,4,4
"A","V","L","Y","V","X",7,4,4
"A","V","L","Y","V","Y",7,4,4
"A","V","L","Y","W",0,7,4,4
"A","V","L","Y","W",1,7,4,4
"A","V","L","Y","W",2,7,4,4
"C","V",8,"W","A","R","C","A",3
0,6,7,9,6,"D",7,4,4
"A","V","C","G","B","J",7,4,4
0,2,2,7,9,"O",7,4,4
0,2,4,9,3,"L",7,4,4
0,2,8,8,8,"I",7,4,4
0,3,2,7,3,"J",7,4,4
0,3,2,7,6,"S",7,4,4
0,3,2,8,4,"S",7,4,4
0,3,3,6,6,"I",7,4,4
0,3,3,6,6,"K",7,4,4
0,3,5,7,9,"R",7,4,4
0,3,5,9,3,"S",7,4,4
0,4,3,5,9,"K",7,4,4
0,4,5,9,9,"T",7,4,4
0,4,5,9,9,"X",7,4,4
0,5,1,5,7,"U",7,4,4
0,5,2,7,0,"V",7,4,4
0,5,2,7,2,"O",7,4,4
0,5,2,9,5,"Q",7,4,4
0,5,5,0,7,"V",7,4,4
0,5,5,3,4,"W",7,4,4
0,5,8,6,3,"N",7,4,4
0,5,8,9,6,"K",7,4,4
0,5,9,8,0,"W",7,4,4
0,6,5,5,"B",8,7,4,4
0,7,1,1,7,"V",7,4,4
0,7,1,3,1,"Q",7,4,4
0,0,0,9,6,"P",7,4,4
0,2,4,2,"B",3,7,4,4
0,2,4,2,"B",4,7,4,4
0,2,4,2,"B",5,7,4,4
0,2,4,2,"D",6,7,4,4
0,2,4,2,"E",9,7,4,4
0,2,7,0,5,"Y",7,4,4
0,2,7,0,5,"Z",7,4,4
0,2,7,1,3,"T",7,4,4
"A","V","B",8,5,"P",7,4,4
0,3,0,8,6,"Y",7,4,4
0,3,0,9,5,"W",7,4,4
"A","V","M",2,3,"F",7,4,4
"A","V","M",2,3,"G",7,4,4
"A","V","M",2,3,"H",7,4,4
"A","V","M",2,3,"J",7,4,4
"A","V","M",6,"C","W",7,4,4
"A","V","M",6,"H","R",7,4,4
"A","V","M",6,"M","S",7,4,4
"A","V","M",6,"N","T",7,4,4
0,4,3,1,4,3,7,4,4
0,4,3,1,6,2,7,4,4
0,4,4,6,5,9,7,4,4
0,8,2,6,8,4,7,4,4
0,0,5,2,2,"D",7,4,4
0,1,6,3,5,"C",7,4,4
0,9,1,6,4,"A",7,4,4
0,0,9,9,0,"L",7,4,4
0,1,0,4,0,"S",7,4,4
0,2,2,6,2,"N",7,4,4
0,3,1,2,0,"H",7,4,4
0,3,3,7,1,"T",7,4,4
0,4,3,4,8,"R",7,4,4
0,7,1,6,4,"T",7,4,4
0,0,4,2,3,"R",7,4,4
0,0,8,3,1,"N",7,4,4
0,1,5,5,2,"V",7,4,4
0,7,0,0,1,0,7,4,4
0,8,0,6,9,2,7,4,4
0,2,2,9,4,"T",7,4,4
0,3,3,3,4,"L",7,4,4
0,3,3,3,4,"O",7,4,4
0,3,3,6,1,"S",7,4,4
0,3,7,0,6,"P",7,4,4
0,4,9,2,9,"Z",7,4,4
0,5,2,0,2,"M",7,4,4
0,5,2,4,2,"T",7,4,4
0,5,2,4,4,"O",7,4,4
0,5,4,0,8,"U",7,4,4
0,5,8,6,3,"P",7,4,4
0,5,8,9,9,"W",7,4,4
0,7,0,8,2,"R",7,4,4
0,7,4,2,6,"Y",7,4,4
0,7,7,9,7,"N",7,4,4
0,7,8,0,0,"X",7,4,4
0,7,8,2,2,"T",7,4,4
0,0,3,4,"D",6,7,4,4
0,1,5,5,9,"U",7,4,4
0,2,3,9,1,"N",7,4,4
0,2,4,2,"D",9,7,4,4
0,2,4,7,2,"W",7,4,4
0,2,5,0,1,"L",7,4,4
0,2,5,6,3,"Z",7,4,4
0,2,7,2,"F",7,7,4,4
0,3,0,5,9,"Y",7,4,4
"A","V","L",9,5,"K",7,4,4
"A","V","M",2,"C","U",7,4,4
"A","V","M",2,"C","W",7,4,4
"A","V","M",2,"C","X",7,4,4
"A","V","M",2,"C","Y",7,4,4
0,1,7,1,5,"K",7,4,4
0,2,7,9,0,"S",7,4,4
0,3,6,8,3,"L",7,4,4
0,5,2,5,7,"Y",7,4,4
0,5,2,6,9,"U",7,4,4
0,5,4,8,0,"Z",7,4,4
0,5,8,3,0,"W",7,4,4
0,6,1,1,8,"R",7,4,4
0,6,1,2,2,"T",7,4,4
0,6,8,6,2,"W",7,4,4
0,7,1,1,0,"R",7,4,4
0,7,6,4,7,"L",7,4,4
0,7,8,0,2,"J",7,4,4
"A","V","J","X","T","E",7,4,4
0,0,4,0,"E",7,7,4,4
0,0,9,4,"C",8,7,4,4
0,2,3,9,0,"Q",7,4,4
0,2,4,1,"N",9,7,4,4
0,2,4,2,"A",0,7,4,4
0,2,4,2,"H",7,7,4,4
0,2,4,2,"E",2,7,4,4
0,2,4,3,"B",0,7,4,4
0,2,4,3,"D",1,7,4,4
0,2,7,1,8,"S",7,4,4
0,2,7,1,8,"T",7,4,4
0,2,7,1,9,"Y",7,4,4
0,2,8,5,3,"U",7,4,4
"A","V","K","X","P","B",7,4,4
0,2,9,7,0,"T",7,4,4
0,2,9,7,"B",5,7,4,4
0,2,9,8,6,"W",7,4,4
0,3,0,1,"F",9,7,4,4
0,3,0,6,7,"U",7,4,4
0,3,0,6,7,"Y",7,4,4
0,3,0,6,8,"N",7,4,4
"A","V","M",0,"T","F",7,4,4
"A","V","M",0,"T","H",7,4,4
"A","V","M",0,"T","T",7,4,4
"A","V","M",0,"T","U",7,4,4
"A","V","M",0,"T","V",7,4,4
"A","V","M",6,"D","F",7,4,4
"A","V","M",6,"E","S",7,4,4
"A","V","M",6,"U",1,7,4,4
0,7,0,0,1,1,7,4,4
"A","V",7,0,"U","G",7,4,4
0,2,5,2,6,"O",7,4,4
"A","V","C","V","P","H",7,4,4
0,2,7,2,7,"R",7,4,4
0,3,2,7,3,"K",7,4,4
0,3,2,7,5,"Q",7,4,4
0,4,3,5,8,"Q",7,4,4
0,5,2,7,9,"O",7,4,4
0,5,4,2,6,"L",7,4,4
0,5,5,0,9,"Q",7,4,4
0,5,5,9,0,"Q",7,4,4
0,5,6,2,8,"P",7,4,4
0,5,8,5,8,"P",7,4,4
0,6,4,7,9,"V",7,4,4
0,6,4,9,2,"O",7,4,4
0,7,0,7,3,"T",7,4,4
0,7,5,6,0,"I",7,4,4
0,7,7,9,9,"X",7,4,4
0,9,1,0,9,"O",7,4,4
0,9,8,6,4,"G",7,4,4
0,9,9,8,7,"G",7,4,4
0,0,0,9,6,"M",7,4,4
0,1,0,9,"F",7,7,4,4
"A","V","K","F","E",6,7,4,4
0,2,3,8,"A",2,7,4,4
0,2,4,3,"G",6,7,4,4
0,2,4,3,"C",5,7,4,4
0,2,5,3,8,"U",7,4,4
0,2,9,8,6,"X",7,4,4
0,3,0,1,"F",8,7,4,4
0,3,0,3,"D",2,7,4,4
"A","V","M",0,"E","R",7,4,4
"A","V","M",0,"E","T",7,4,4
0,7,5,9,9,0,7,4,4
0,8,5,3,0,7,7,4,4
0,2,7,4,0,"F",7,4,4
0,8,4,1,4,"E",7,4,4
0,9,6,3,6,9,7,4,4
0,2,7,4,7,"M",7,4,4
0,4,0,0,4,"K",7,4,4
0,4,6,6,1,"J",7,4,4
0,1,8,2,8,"M",7,4,4
0,3,2,8,9,"V",7,4,4
0,4,0,3,4,"T",7,4,4
0,6,3,6,2,"L",7,4,4
0,6,4,5,5,"V",7,4,4
0,6,5,7,2,"T",7,4,4
0,6,5,7,2,"Y",7,4,4
0,9,2,6,6,"H",7,4,4
0,9,3,7,4,"O",7,4,4
0,1,3,6,7,"X",7,4,4
0,1,7,1,7,"W",7,4,4
0,1,8,8,3,"Q",7,4,4
0,2,3,6,0,"Y",7,4,4
0,2,5,2,4,"T",7,4,4
0,2,5,7,6,"V",7,4,4
0,2,8,5,7,"R",7,4,4
0,3,0,8,3,"X",7,4,4
0,5,1,2,5,"R",7,4,4
0,5,6,9,6,"Z",7,4,4
0,5,7,3,"A",6,7,4,4
0,4,7,6,7,8,7,4,4
0,3,4,6,2,"D",7,4,4
0,3,6,3,1,"B",7,4,4
0,0,9,2,9,"P",7,4,4
0,7,0,9,8,"Q",7,4,4
0,0,7,8,6,"S",7,4,4
0,3,3,5,2,"I",7,4,4
0,4,8,6,6,"R",7,4,4
0,5,6,0,9,"X",7,4,4
0,5,6,1,8,"L",7,4,4
0,5,6,5,3,"S",7,4,4
0,5,6,7,3,"P",7,4,4
0,5,6,7,3,"Q",7,4,4
0,6,4,9,6,"R",7,4,4
0,6,5,7,"A",7,7,4,4
0,6,5,5,0,"T",7,4,4
0,6,5,7,3,"W",7,4,4
0,7,0,8,3,"S",7,4,4
0,7,1,3,1,"K",7,4,4
0,7,1,4,6,"Q",7,4,4
0,8,3,2,6,"T",7,4,4
0,8,3,4,5,"Z",7,4,4
0,8,3,4,"A",8,7,4,4
0,8,6,6,"A",8,7,4,4
0,9,2,2,0,"O",7,4,4
0,9,2,5,6,"Q",7,4,4
0,9,3,7,3,5,7,4,4
0,0,5,2,4,"P",7,4,4
0,0,5,5,3,"X",7,4,4
0,1,3,4,5,"Z",7,4,4
0,1,3,6,"F",7,7,4,4
0,1,5,9,"A",3,7,4,4
0,2,4,2,5,"Y",7,4,4
0,2,4,2,6,"O",7,4,4
0,2,4,4,8,"M",7,4,4
0,2,4,5,4,"Z",7,4,4
0,2,5,0,"E",9,7,4,4
0,2,5,6,"B",9,7,4,4
0,2,5,6,"A",2,7,4,4
0,2,6,7,4,"Q",7,4,4
0,2,8,6,"H",6,7,4,4
0,2,9,7,"A",3,7,4,4
0,3,8,2,0,"T",7,4,4
0,4,2,2,3,"V",7,4,4
0,4,4,3,"B",8,7,4,4
"A","V","L","H","K","X",7,4,4
0,5,1,7,"C",8,7,4,4
0,5,1,9,6,"Z",7,4,4
"A","V","M",3,"S","S",7,4,4
0,2,0,3,6,8,7,4,4
0,1,2,6,8,"F",7,4,4
"C","-","A",4,"N",4,8,9,7
0,3,7,3,2,"H",7,4,4
0,3,9,6,9,"K",7,4,4
0,5,9,6,7,"N",7,4,4
0,6,9,2,8,"J",7,4,4
0,0,5,7,6,"V",7,4,4
0,2,5,8,4,"Y",7,4,4
0,6,4,2,4,"I",7,4,4
0,6,7,8,3,"U",7,4,4
0,6,8,4,2,"X",7,4,4
0,7,0,9,8,"U",7,4,4
0,7,7,9,8,"K",7,4,4
0,8,4,4,7,"L",7,4,4
0,8,4,6,9,"T",7,4,4
0,9,9,5,0,"A",7,4,4
0,0,2,3,9,"K",7,4,4
0,0,5,0,3,"Z",7,4,4
0,1,3,5,"C",9,7,4,4
0,2,3,8,"A",3,7,4,4
0,2,3,9,0,"O",7,4,4
0,2,5,2,4,"S",7,4,4
0,2,6,2,"B",5,7,4,4
0,2,7,3,5,"W",7,4,4
0,3,2,7,3,"W",7,4,4
0,4,0,3,"A",9,7,4,4
0,4,1,5,8,"S",7,4,4
0,4,4,0,7,"Y",7,4,4
0,2,4,8,2,"F",7,4,4
0,2,6,1,3,"D",7,4,4
0,8,5,9,1,"H",7,4,4
0,3,8,1,8,"Q",7,4,4
0,4,5,5,3,"W",7,4,4
0,4,9,8,7,"H",7,4,4
0,5,6,0,9,"U",7,4,4
0,6,4,5,4,"V",7,4,4
0,6,5,7,0,"Z",7,4,4
0,7,1,7,4,"N",7,4,4
0,8,3,3,"A",9,7,4,4
0,8,4,5,5,"W",7,4,4
0,8,7,0,4,"R",7,4,4
0,9,0,8,2,"O",7,4,4
0,9,2,7,3,"K",7,4,4
0,0,8,8,"C",4,7,4,4
0,0,8,8,"B",5,7,4,4
0,1,8,8,8,"Q",7,4,4
0,2,1,6,7,"V",7,4,4
0,2,4,6,9,"X",7,4,4
0,2,5,4,1,"Y",7,4,4
"A","V","M",4,"C",1,7,4,4
"A","V","M",6,"S","D",7,4,4
0,6,0,4,0,2,7,4,4
0,1,3,1,5,"D",7,4,4
0,7,2,3,0,"F",7,4,4
0,2,9,0,6,"I",7,4,4
0,0,1,5,5,"M",7,4,4
0,4,1,0,9,"X",7,4,4
0,4,5,4,5,"T",7,4,4
0,5,6,7,3,"N",7,4,4
0,5,6,9,3,"U",7,4,4
0,6,2,2,7,"K",7,4,4
0,6,3,6,2,"H",7,4,4
0,6,5,9,9,"P",7,4,4
0,6,6,9,6,"W",7,4,4
0,6,7,3,4,"F",7,4,4
0,6,7,8,2,"O",7,4,4
0,7,0,9,2,"W",7,4,4
0,7,1,3,3,3,7,4,4
0,7,1,4,7,"H",7,4,4
0,7,2,8,2,"U",7,4,4
0,7,2,9,6,"T",7,4,4
0,7,8,0,7,"I",7,4,4
0,8,3,3,0,"W",7,4,4
0,8,5,2,6,"U",7,4,4
0,1,3,4,7,"Z",7,4,4
0,2,4,2,6,"P",7,4,4
0,2,4,6,9,"Z",7,4,4
0,3,4,7,8,"R",7,4,4
0,3,8,3,"N",9,7,4,4
0,5,1,3,6,8,7,4,4
0,6,4,6,9,0,7,4,4
0,8,5,3,5,7,7,4,4
0,9,1,4,8,5,7,4,4
0,0,7,0,3,"G",7,4,4
0,3,8,9,4,"F",7,4,4
0,7,7,3,7,"D",7,4,4
0,9,1,2,5,"F",7,4,4
0,1,0,5,6,"M",7,4,4
0,7,1,2,5,"J",7,4,4
0,2,9,4,5,"U",7,4,4
0,3,6,2,9,"A",7,4,4
"A","V","H","P","X",0,7,4,4
0,5,6,1,8,"M",7,4,4
0,5,7,0,3,"L",7,4,4
0,5,7,0,3,"S",7,4,4
0,5,6,6,8,"Q",7,4,4
0,6,5,9,9,"R",7,4,4
0,6,6,9,9,"K",7,4,4
0,7,0,8,6,"X",7,4,4
0,7,0,7,6,"S",7,4,4
0,8,4,6,0,"X",7,4,4
0,0,3,4,8,"Z",7,4,4
0,0,4,8,4,"Y",7,4,4
0,0,5,2,9,"W",7,4,4
0,0,7,8,9,"Z",7,4,4
0,0,9,4,"C",4,7,4,4
0,0,9,5,4,"P",7,4,4
0,1,3,0,9,"S",7,4,4
0,1,4,5,8,"X",7,4,4
0,2,4,1,"A",1,7,4,4
0,2,5,0,"F",6,7,4,4
0,2,5,0,"F",7,7,4,4
0,3,0,5,"I",6,7,4,4
0,3,0,6,7,"X",7,4,4
0,3,0,7,6,"S",7,4,4
0,3,0,7,6,"V",7,4,4
0,3,0,9,"F",9,7,4,4
"A","V","L",4,"M","B",7,4,4
0,3,4,8,1,"R",7,4,4
0,3,8,0,4,"V",7,4,4
0,4,6,6,5,"W",7,4,4
"A","V","M",0,"L",8,7,4,4
0,5,6,5,"E",0,7,4,4
0,5,6,8,0,"T",7,4,4
0,5,7,1,4,"O",7,4,4
0,9,1,6,0,8,7,4,4
0,0,6,5,8,"C",7,4,4
0,3,0,8,2,"E",7,4,4
0,7,5,6,2,"E",7,4,4
0,1,9,7,2,"L",7,4,4
0,1,7,1,9,"L",7,4,4
0,2,7,3,7,"L",7,4,4
0,6,7,8,9,"M",7,4,4
0,7,1,2,4,"L",7,4,4
0,7,4,3,4,"P",7,4,4
0,7,7,9,5,"H",7,4,4
0,9,6,3,4,"D",7,4,4
0,9,9,6,5,"D",7,4,4
0,0,1,0,2,"N",7,4,4
0,2,0,0,1,"K",7,4,4
0,2,1,2,6,"U",7,4,4
0,2,3,9,8,"U",7,4,4
0,3,1,4,5,"Q",7,4,4
0,4,1,4,3,"Y",7,4,4
0,5,1,3,1,"Q",7,4,4
0,5,6,0,9,"T",7,4,4
0,5,7,0,2,"Y",7,4,4
0,5,7,6,"A",6,7,4,4
0,5,7,6,"A",7,7,4,4
0,6,4,3,2,"P",7,4,4
0,7,1,2,7,"R",7,4,4
0,7,4,2,7,"P",7,4,4
0,8,3,1,"A",7,7,4,4
0,9,2,4,0,"B",7,4,4
0,9,3,1,5,"L",7,4,4
0,9,3,6,6,"Q",7,4,4
0,9,7,1,4,4,7,4,4
0,0,0,8,1,"I",7,4,4
0,1,4,1,"A",3,7,4,4
0,2,5,6,1,"Z",7,4,4
0,4,1,3,9,"T",7,4,4
0,4,4,6,7,"R",7,4,4
0,4,5,2,"C",5,7,4,4
"A","V","M",7,1,"F",7,4,4
0,2,9,9,8,7,7,4,4
0,1,6,7,4,"F",7,4,4
0,4,2,3,5,"E",7,4,4
0,1,5,8,9,"V",7,4,4
0,1,9,8,9,"W",7,4,4
0,2,1,4,0,"K",7,4,4
0,2,2,3,5,"T",7,4,4
0,2,9,5,8,"P",7,4,4
0,5,3,4,9,"H",7,4,4
0,6,4,5,5,"X",7,4,4
0,6,5,7,3,"Z",7,4,4
0,6,5,9,0,"S",7,4,4
0,6,9,4,9,"F",7,4,4
0,7,1,0,9,"R",7,4,4
0,7,5,1,5,"R",7,4,4
0,8,3,3,3,"V",7,4,4
0,8,6,1,8,"S",7,4,4
0,9,0,3,2,"L",7,4,4
0,9,1,1,1,"S",7,4,4
0,9,3,7,4,"J",7,4,4
0,9,3,7,8,"H",7,4,4
0,9,3,7,4,"I",7,4,4
0,9,4,6,3,"H",7,4,4
0,0,4,2,"B",3,7,4,4
0,0,4,2,"B",9,7,4,4
"A","V","K","P","V","B",7,4,4
0,2,4,5,"D",9,7,4,4
0,2,4,7,4,"X",7,4,4
0,3,0,9,2,"T",7,4,4
0,3,4,6,"C",1,7,4,4
"A","V","M",7,0,5,7,4,4
"A","V","M",9,"Y","D",7,4,4
0,5,4,7,5,"F",7,4,4
0,0,9,6,9,"T",7,4,4
0,4,4,9,9,"N",7,4,4
0,1,2,5,8,"Z",7,4,4
0,1,8,9,8,"Q",7,4,4
0,5,5,4,9,"Y",7,4,4
0,5,6,4,9,"P",7,4,4
0,5,6,7,2,"W",7,4,4
0,5,6,9,2,"X",7,4,4
0,5,7,0,3,"O",7,4,4
0,5,8,9,"B",9,7,4,4
0,6,1,2,7,"P",7,4,4
0,6,9,1,"B",7,7,4,4
0,6,9,4,6,"Y",7,4,4
0,7,1,4,6,"R",7,4,4
0,7,2,8,4,"O",7,4,4
0,7,8,0,7,"L",7,4,4
0,7,7,9,7,"P",7,4,4
0,7,8,2,2,"U",7,4,4
0,7,8,0,5,"V",7,4,4
0,7,9,1,1,"Q",7,4,4
0,7,9,1,0,"T",7,4,4
0,7,9,1,1,"S",7,4,4
0,8,8,3,6,"W",7,4,4
0,9,3,6,2,"P",7,4,4
0,9,4,1,5,"F",7,4,4
0,1,1,3,"D",7,7,4,4
0,1,4,3,"A",6,7,4,4
0,2,4,2,5,"Z",7,4,4
0,2,4,6,9,"W",7,4,4
0,4,4,9,7,"I",7,4,4
0,4,6,6,5,"T",7,4,4
0,4,8,0,"E",5,7,4,4
"A","V","L","R",2,4,7,4,4
0,5,1,9,3,"W",7,4,4
0,1,9,5,1,"C",7,4,4
0,1,9,5,9,"J",7,4,4
0,2,6,1,6,"E",7,4,4
0,7,7,4,9,8,7,4,4
0,1,4,6,3,"P",7,4,4
0,1,8,7,0,"R",7,4,4
0,4,5,4,8,"I",7,4,4
0,5,5,9,1,"K",7,4,4
0,9,3,3,4,8,7,4,4
0,2,4,0,6,"Q",7,4,4
0,3,5,7,9,"V",7,4,4
0,4,1,3,8,"P",7,4,4
0,4,4,3,7,"T",7,4,4
0,4,5,6,9,"P",7,4,4
0,5,7,9,3,"N",7,4,4
0,5,9,6,2,"M",7,4,4
0,6,5,9,6,"Y",7,4,4
0,7,2,8,4,"M",7,4,4
0,7,4,1,4,"L",7,4,4
0,7,4,2,5,"K",7,4,4
0,7,5,1,6,"S",7,4,4
0,7,8,0,2,"M",7,4,4
0,8,0,7,5,"S",7,4,4
0,4,9,0,8,"P",7,4,4
0,9,3,9,6,"O",7,4,4
0,0,2,3,"A",8,7,4,4
0,0,6,7,7,"Z",7,4,4
0,1,0,3,2,"W",7,4,4
0,1,3,4,1,"Y",7,4,4
0,2,4,1,"J",9,7,4,4
0,2,4,3,"C",3,7,4,4
0,2,4,5,1,"Y",7,4,4
0,2,9,8,6,"V",7,4,4
0,3,2,0,"A",5,7,4,4
0,3,4,5,1,"P",7,4,4
0,7,5,3,5,"M",7,4,4
0,7,7,9,9,"M",7,4,4
0,8,3,0,4,"J",7,4,4
0,3,2,1,3,"Q",7,4,4
0,3,5,7,0,"O",7,4,4
0,3,8,3,7,"Y",7,4,4
0,3,8,4,3,"L",7,4,4
0,3,8,1,7,"M",7,4,4
0,3,8,6,2,"W",7,4,4
0,5,6,3,2,"Q",7,4,4
0,5,6,7,3,"S",7,4,4
0,5,8,4,"A",8,7,4,4
0,6,4,5,2,"W",7,4,4
0,6,9,1,8,"W",7,4,4
0,7,0,9,1,"X",7,4,4
0,7,0,9,3,"Z",7,4,4
0,7,7,1,9,"X",7,4,4
0,7,7,9,9,"Q",7,4,4
0,7,9,1,8,"U",7,4,4
0,8,3,3,3,"X",7,4,4
0,8,8,3,"F",9,7,4,4
0,9,2,5,7,"G",7,4,4
0,9,7,3,0,"L",7,4,4
0,9,9,8,1,"H",7,4,4
0,0,4,9,7,"S",7,4,4
0,0,8,5,5,"V",7,4,4
0,2,4,7,3,"T",7,4,4
0,3,0,0,3,"V",7,4,4
0,3,0,5,9,"Z",7,4,4
0,3,0,6,8,"O",7,4,4
0,3,0,7,6,"U",7,4,4
0,3,9,7,9,"Y",7,4,4
0,4,4,8,2,"W",7,4,4
0,5,4,3,6,"U",7,4,4
0,1,1,6,9,"C",7,4,4
0,1,4,9,5,"B",7,4,4
0,1,0,8,9,"K",7,4,4
0,3,4,7,1,"I",7,4,4
0,9,1,0,5,"M",7,4,4
0,3,4,9,0,"M",7,4,4
0,3,5,0,5,"T",7,4,4
0,3,5,7,8,"M",7,4,4
0,6,3,2,9,"V",7,4,4
0,6,3,6,1,"W",7,4,4
0,7,0,9,0,"Z",7,4,4
0,7,2,8,5,"T",7,4,4
0,7,3,4,6,"O",7,4,4
0,7,7,9,8,"I",7,4,4
0,8,4,5,9,"U",7,4,4
0,9,2,4,1,"H",7,4,4
0,9,3,5,9,"O",7,4,4
0,0,3,9,"F",1,7,4,4
0,3,1,2,1,"Z",7,4,4
0,4,1,3,9,"U",7,4,4
0,4,3,8,"B",8,7,4,4
0,4,6,4,2,"S",7,4,4
8,0,5,7,0,4,7,4,4
0,8,0,6,6,"B",7,4,4
0,0,5,9,2,"O",7,4,4
0,4,7,2,8,"K",7,4,4
0,3,4,1,5,"Q",7,4,4
0,5,6,6,9,"N",7,4,4
0,8,8,3,"D",6,7,4,4
0,8,8,4,9,"S",7,4,4
0,2,3,3,2,"S",7,4,4
0,2,4,3,"A",3,7,4,4
0,2,7,2,"B",8,7,4,4
0,3,0,6,9,"K",7,4,4
"A","V","M",3,"B","D",7,4,4
0,8,8,0,1,"D",7,4,4
0,0,2,5,9,"I",7,4,4
0,0,7,3,0,"K",7,4,4
0,1,1,7,0,"L",7,4,4
0,2,6,7,7,"R",7,4,4
0,7,8,3,6,"J",7,4,4
0,2,0,5,8,"M",7,4,4
0,2,7,9,1,"W",7,4,4
0,3,3,6,8,"L",7,4,4
0,3,4,4,7,"R",7,4,4
0,3,5,3,9,"O",7,4,4
0,5,5,4,6,"W",7,4,4
0,5,7,2,5,"T",7,4,4
0,5,6,7,9,"K",7,4,4
0,7,0,6,1,"Q",7,4,4
0,7,1,0,8,"Y",7,4,4
0,7,1,7,1,"Y",7,4,4
0,7,6,0,7,"O",7,4,4
0,7,7,3,0,"Q",7,4,4
0,9,1,0,8,"S",7,4,4
0,2,2,8,"D",9,7,4,4
"A","V","K","S",8,4,7,4,4
0,2,4,1,"K",6,7,4,4
0,2,4,3,"A",2,7,4,4
0,2,4,5,2,"T",7,4,4
0,2,4,5,"C",5,7,4,4
"A","V","K","X",4,6,7,4,4
0,3,0,1,"E",6,7,4,4
0,3,0,1,"H",8,7,4,4
"A","V","M",3,7,8,7,4,4
"A","V","M",3,7,9,7,4,4
"A","V","M",3,7,"A",7,4,4
"A","V","M",3,7,"B",7,4,4
"A","V","M",3,7,"C",7,4,4
0,2,4,1,"E",2,7,4,4
0,2,8,7,"C",5,7,4,4
0,2,8,7,"F",8,7,4,4
0,2,8,7,"F",9,7,4,4
0,2,8,7,5,"R",7,4,4
0,2,8,7,5,"T",7,4,4
0,2,8,7,6,"Q",7,4,4
0,2,8,7,6,"R",7,4,4
0,2,8,7,6,"S",7,4,4
0,2,8,7,7,"S",7,4,4
0,2,8,7,"G",9,7,4,4
0,2,8,7,9,"Z",7,4,4
0,2,8,8,0,"U",7,4,4
0,2,8,8,0,"Y",7,4,4
0,2,8,8,0,"Z",7,4,4
0,2,8,8,"A",9,7,4,4
0,2,8,8,1,"T",7,4,4
0,2,8,8,1,"X",7,4,4
0,2,8,8,2,"U",7,4,4
0,2,8,8,2,"V",7,4,4
0,2,8,8,2,"X",7,4,4
0,2,8,8,"C",7,7,4,4
0,2,8,8,3,"P",7,4,4
0,2,8,8,3,"Q",7,4,4
0,2,8,8,3,"S",7,4,4
0,2,8,8,4,"T",7,4,4
0,2,8,8,5,"U",7,4,4
0,2,8,8,5,"W",7,4,4
0,2,8,8,5,"Y",7,4,4
0,2,8,8,6,"W",7,4,4
0,2,8,8,8,"W",7,4,4
0,2,8,8,7,"S",7,4,4
0,2,8,8,8,"X",7,4,4
0,2,8,8,9,"Z",7,4,4
0,2,9,0,"A",0,7,4,4
0,3,0,1,"C",1,7,4,4
"A","V","L",3,"P","W",7,4,4
"A","V","L",3,"P","X",7,4,4
0,1,9,1,7,"M",7,4,4
0,9,7,5,6,"I",7,4,4
0,2,4,2,"D",2,7,4,4
0,2,5,2,0,"S",7,4,4
0,2,8,7,3,"N",7,4,4
0,2,8,7,3,"O",7,4,4
0,2,8,7,3,"T",7,4,4
0,2,8,7,6,"W",7,4,4
0,2,8,7,7,"T",7,4,4
0,2,8,7,7,"U",7,4,4
0,2,8,7,7,"X",7,4,4
0,2,8,7,8,"R",7,4,4
0,2,8,7,8,"T",7,4,4
0,2,8,7,8,"Z",7,4,4
0,2,8,7,"H",8,7,4,4
0,2,8,8,0,"T",7,4,4
0,2,8,8,0,"X",7,4,4
0,2,8,8,"A",8,7,4,4
0,2,8,8,1,"V",7,4,4
0,2,8,8,1,"W",7,4,4
0,2,8,8,2,"W",7,4,4
0,2,8,8,3,"R",7,4,4
0,2,8,8,3,"T",7,4,4
0,2,8,8,4,"P",7,4,4
0,2,8,8,4,"R",7,4,4
0,2,8,8,5,"S",7,4,4
0,2,8,8,6,"Q",7,4,4
0,2,8,8,6,"U",7,4,4
0,2,8,8,"A",5,7,4,4
0,2,8,8,"B",6,7,4,4
0,2,8,8,"E",7,7,4,4
0,2,8,8,"E",8,7,4,4
0,2,8,8,"E",9,7,4,4
0,2,8,9,0,"P",7,4,4
0,2,8,9,0,"Q",7,4,4
0,2,8,9,0,"R",7,4,4
0,2,8,9,0,"S",7,4,4
"A","V","L",3,"H",9,7,4,4
"A","V","L",3,"H","L",7,4,4
"A","V","L",3,"H","P",7,4,4
"A","V","L",4,8,"K",7,4,4
0,4,4,8,2,"R",7,4,4
0,3,5,2,4,"R",7,4,4
0,7,3,0,9,"P",7,4,4
0,9,3,6,4,"O",7,4,4
0,9,6,7,7,"E",7,4,4
0,0,7,6,"F",4,7,4,4
0,2,4,4,"D",7,7,4,4
0,2,7,0,"E",9,7,4,4
0,2,7,1,"E",7,7,4,4
0,2,8,7,"C",6,7,4,4
0,2,8,7,"E",7,7,4,4
0,2,8,7,3,"S",7,4,4
0,2,8,7,3,"V",7,4,4
0,2,8,7,"C",2,7,4,4
0,2,8,7,"G",8,7,4,4
0,2,8,7,5,"U",7,4,4
0,2,8,7,5,"X",7,4,4
0,2,8,7,5,"Y",7,4,4
0,2,8,7,6,"O",7,4,4
0,2,8,7,7,"O",7,4,4
0,2,8,7,7,"Q",7,4,4
0,2,8,7,7,"R",7,4,4
0,2,8,7,7,"V",7,4,4
0,2,8,7,7,"W",7,4,4
0,2,8,7,8,"S",7,4,4
0,2,8,7,8,"V",7,4,4
0,2,8,7,9,"V",7,4,4
0,2,8,7,"E",5,7,4,4
0,2,8,7,"E",6,7,4,4
0,2,8,7,"G",7,7,4,4
0,2,8,8,0,"W",7,4,4
0,2,8,8,"A",7,7,4,4
0,2,8,8,"B",7,7,4,4
0,2,8,8,"B",8,7,4,4
0,2,8,8,"B",9,7,4,4
0,2,8,8,2,"Y",7,4,4
0,2,8,8,2,"Z",7,4,4
0,2,8,8,3,"O",7,4,4
0,2,8,8,3,"U",7,4,4
0,2,8,8,3,"V",7,4,4
0,2,8,8,3,"W",7,4,4
0,2,8,8,4,"O",7,4,4
0,2,8,8,4,"S",7,4,4
0,2,8,8,4,"U",7,4,4
0,2,8,8,5,"Q",7,4,4
0,2,8,8,5,"X",7,4,4
0,2,8,8,6,"O",7,4,4
0,2,8,8,7,"Q",7,4,4
0,2,8,8,7,"X",7,4,4
0,2,8,8,8,"U",7,4,4
0,2,8,8,6,"R",7,4,4
0,2,8,8,6,"S",7,4,4
0,2,8,8,7,"T",7,4,4
0,2,8,8,6,"T",7,4,4
0,2,8,8,7,"V",7,4,4
0,2,8,8,7,"W",7,4,4
0,2,8,8,"A",2,7,4,4
0,2,8,8,"A",3,7,4,4
0,2,8,8,"A",4,7,4,4
0,2,8,9,0,"U",7,4,4
0,2,8,9,0,"X",7,4,4
0,3,0,0,2,"W",7,4,4
0,3,0,7,3,"Y",7,4,4
0,3,0,9,"B",2,7,4,4
0,3,2,0,0,"Q",7,4,4
"A","V","L",4,2,"L",7,4,4
"A","V","L",4,2,"U",7,4,4
0,6,7,4,6,"L",7,4,4
0,2,4,1,"F",5,7,4,4
0,2,4,3,"I",7,7,4,4
0,2,6,7,"B",5,7,4,4
0,2,8,7,3,"Q",7,4,4
0,2,8,7,3,"W",7,4,4
0,2,8,7,"D",3,7,4,4
0,2,8,7,"D",5,7,4,4
0,2,8,7,"D",6,7,4,4
0,2,8,7,5,"S",7,4,4
0,2,8,7,5,"W",7,4,4
0,2,8,7,8,"W",7,4,4
0,2,8,7,9,"W",7,4,4
0,2,8,7,9,"X",7,4,4
0,2,8,7,"H",9,7,4,4
0,2,8,8,0,"V",7,4,4
0,2,8,8,1,"Y",7,4,4
0,2,8,8,3,"N",7,4,4
0,2,8,8,4,"V",7,4,4
0,2,8,8,4,"W",7,4,4
0,2,8,8,4,"X",7,4,4
0,2,8,8,5,"Z",7,4,4
0,2,8,8,7,"O",7,4,4
0,2,8,8,7,"P",7,4,4
0,2,8,8,9,"Y",7,4,4
0,3,0,0,2,"V",7,4,4
0,3,0,1,"G",8,7,4,4
0,3,1,1,2,"O",7,4,4
0,1,2,1,4,"O",7,4,4
0,4,4,7,9,"N",7,4,4
0,6,5,4,5,"S",7,4,4
0,2,8,7,"E",9,7,4,4
0,2,8,7,3,"P",7,4,4
0,2,8,7,3,"R",7,4,4
0,2,8,7,"C",0,7,4,4
0,2,8,7,"C",1,7,4,4
0,2,8,7,"F",7,7,4,4
0,2,8,7,5,"P",7,4,4
0,2,8,7,5,"Q",7,4,4
0,2,8,7,5,"V",7,4,4
0,2,8,7,6,"P",7,4,4
0,2,8,7,6,"T",7,4,4
0,2,8,7,7,"P",7,4,4
0,2,8,7,8,"U",7,4,4
0,2,8,7,8,"Y",7,4,4
0,2,8,8,1,"U",7,4,4
0,2,8,8,"A",6,7,4,4
0,2,8,8,"C",9,7,4,4
0,2,8,8,4,"Q",7,4,4
0,2,8,8,5,"R",7,4,4
0,2,8,8,5,"V",7,4,4
0,2,8,8,6,"N",7,4,4
0,2,8,8,6,"P",7,4,4
0,2,8,8,7,"R",7,4,4
0,2,8,8,8,"V",7,4,4
0,2,8,8,6,"V",7,4,4
0,2,8,8,8,"Y",7,4,4
0,2,8,8,8,"Z",7,4,4
0,2,8,8,"D",7,7,4,4
0,2,8,8,"D",8,7,4,4
0,2,8,8,"D",9,7,4,4
0,2,8,9,0,"V",7,4,4
0,2,8,9,0,"W",7,4,4
"A","V","L",3,"P",2,7,4,4
